"player_name","team","season","pa","ops","woba","iso","scout_grade","signing_probability","signed_by_mlb_org"
"J Cunningham","Ogden Raptors",2021,4,1.83333333333333,0.69775,1,50,0.298781553753669,0
"D Day","Glacier Range Riders",2022,6,2.23333333333333,0.909166666666667,0.6,50,0.109281983033832,0
"Z Stewart","Missoula PaddleHeads",2026,36,1.71581196581197,0.679916666666667,0.576923076923077,50,0.0875257316081795,0
"J Ochoa","Colorado Springs Sky Sox",2025,1,5,2.101,3,45,0.0760608990734657,0
"S Davis","Rocky Mountain Vibes",2021,11,1.32323232323232,0.558636363636364,0.333333333333333,50,0.0647824977791877,0
"D Tauken","Missoula PaddleHeads",2026,62,0.999341672152732,0.415806451612903,0.326530612244898,50,0.0609375296175659,0
"R Lee","Idaho Falls Chukars",2026,105,1.14136546184739,0.485704761904762,0.349397590361446,55,0.0571910857422193,0
"Z Almond","Missoula PaddleHeads",2021,355,1.03683921712091,0.449428169014084,0.243506493506494,75,0.0514761578275091,0
"J Newman","Missoula PaddleHeads",2021,91,1.04073974805682,0.44810989010989,0.292682926829268,60,0.0509212057352909,0
"E Lopez","Yuba-Sutter Freebirds",2026,36,1.17063492063492,0.495611111111111,0.214285714285714,50,0.0503045410616055,0
"S Wilmer","Rocky Mountain Vibes",2023,180,1.17631806395851,0.501129213483146,0.3,60,0.0496254444128108,0
"M Warkentin","Ogden Raptors",2022,65,1.27759197324415,0.531369230769231,0.369565217391304,55,0.0492082446822571,1
"E Lopez","Rocky Mountain Vibes",2021,75,1.07098039215686,0.464946666666667,0.220588235294118,60,0.0490300450726089,0
"B Nigh","Boise Hawks",2026,110,1.11566600859366,0.47194495412844,0.278481012658228,55,0.0485159851855517,0
"M Feinstein","Idaho Falls Chukars",2021,348,1.03464464950623,0.451781609195402,0.211267605633803,70,0.0485095266506256,0
"D Tatum","Oakland Ballers",2025,275,1.1389898989899,0.482807272727273,0.346666666666667,65,0.047641403336243,0
"K Dugan","Grand Junction Jackalopes",2024,277,1.18042519053349,0.495859205776173,0.342222222222222,65,0.0462689490049627,0
"B Pooler","Great Falls Voyagers",2022,1,2,0.888,0,45,0.0462115742355531,0
"C Grant-Debose","Great Falls Voyagers",2022,1,2,0.888,0,45,0.0462115742355531,0
"D Jacob","Grand Junction Jackalopes",2022,3,1.33333333333333,0.592,0,45,0.0462115742355531,0
"G Vasquez","Idaho Falls Chukars",2026,2,1,0.444,0,40,0.0462115742355531,0
"J Agnew","Grand Junction Jackalopes",2021,1,2,0.888,0,50,0.0462115742355531,0
"K De La Cruz","Ogden Raptors",2021,1,2,0.888,0,50,0.0462115742355531,0
"N Adgar","Ogden Raptors",2024,3,0.666666666666667,0.296,0,40,0.0462115742355531,0
"O Sanchez","Billings Mustangs",2023,1,2,0.888,0,45,0.0462115742355531,0
"T Weldon","Colorado Springs Sky Sox",2024,1,2,0.888,0,45,0.0462115742355531,0
"B Norman","Great Falls Voyagers",2021,175,1.00636528028933,0.436222857142857,0.246835443037975,65,0.0453483004237678,1
"J Kirby","Yuba-Sutter Freebirds",2024,117,0.957532051282051,0.402153846153846,0.270833333333333,45,0.045020888905709,0
"C Steele","Colorado Springs Sky Sox",2022,20,0.809941520467836,0.363473684210526,0,45,0.0449397297512228,0
"L Navigato","Missoula PaddleHeads",2021,159,0.90062893081761,0.401245283018868,0.133333333333333,60,0.0443864768894722,0
"J Pappas","Idaho Falls Chukars",2025,283,1.06445608278647,0.460003533568905,0.209821428571429,60,0.0441398413729738,0
"D Perez","Colorado Springs Sky Sox",2023,245,1.01264671671778,0.437661224489796,0.233160621761658,60,0.044109202826071,0
"S Lynch","Billings Mustangs",2026,126,1.18184955141477,0.498753968253968,0.33695652173913,55,0.0439387036393901,0
"R Petersen","Idaho Falls Chukars",2026,21,0.807017543859649,0.345857142857143,0.157894736842105,40,0.0437746233326261,0
"D Hubbard","Grand Junction Jackalopes",2021,241,0.815840296766545,0.362232365145228,0.138248847926267,55,0.0433088635210066,0
"E Berkey","Yuba-Sutter Freebirds",2025,354,1.13567765567766,0.48164,0.3003663003663,60,0.0428964419216782,0
"J Newman-Dodd","Missoula PaddleHeads",2023,78,1.02229654403567,0.437782051282051,0.333333333333333,50,0.0427552864076227,0
"C Sepulveda","Billings Mustangs",2021,210,0.931917631917632,0.410533333333333,0.162162162162162,60,0.0427346510594364,1
"J Shanks","Idaho Falls Chukars",2025,177,0.999313962873285,0.434084745762712,0.264285714285714,50,0.0427276227147271,0
"B Trammell","Rocky Mountain Vibes",2023,36,1.09961685823755,0.469666666666667,0.344827586206897,50,0.0426969209185764,0
"K Kaufman","Ogden Raptors",2021,95,0.657535885167464,0.29478947368421,0.102272727272727,40,0.0415479571615277,0
"C Pregent","Rocky Mountain Vibes",2025,42,1.02380952380952,0.441071428571429,0.2,45,0.0413710963881878,0
"P Winland Jr.","Long Beach Coast",2026,57,0.845201238390093,0.368228070175439,0.294117647058824,35,0.041304987841884,0
"J Cabuyaban","RedPocket Mobiles",2026,119,0.752801120448179,0.334848739495798,0.21875,35,0.0411339471085569,0
"C Bagnieski","Ogden Raptors",2025,424,1.07397644302182,0.458744680851064,0.256637168141593,65,0.0410973071943262,0
"M Miesse","Great Falls Voyagers",2026,14,0.833333333333333,0.389714285714286,0,40,0.0409917635945246,0
"R Martinez","Grand Junction Jackalopes",2021,168,0.840291750503018,0.377392857142857,0.126760563380282,55,0.0408106953288683,0
"J Nehler","Billings Mustangs",2026,27,0.842948717948718,0.372961538461538,0.125,40,0.040804975756944,0
"D Pearce","Ogden Raptors",2021,36,0.770833333333333,0.341388888888889,0.1875,50,0.0403208954663142,0
"D Laferriere","Long Beach Coast",2026,57,0.999128919860627,0.454035714285714,0.0975609756097561,45,0.0402762971972459,0
"J Goldfarb","Ogden Raptors",2021,320,0.930454545454545,0.41020625,0.174545454545455,60,0.0400181737141903,1
"A Fishberg","Idaho Falls Chukars",2021,86,0.875331174565793,0.387593023255814,0.113924050632911,50,0.0398387401293362,0
"W Little","Idaho Falls Chukars",2021,328,0.880226480836237,0.392246951219512,0.114982578397213,60,0.0397260140818499,0
"S Macias","Rocky Mountain Vibes",2021,125,0.948672566371681,0.413824,0.212389380530973,55,0.0396330859725177,0
"D Nevarez","Missoula PaddleHeads",2021,180,0.916457023060797,0.401294444444444,0.207547169811321,60,0.0395146268265232,1
"T Williams","Modesto Roadsters",2026,313,1.0622012531887,0.454392971246006,0.251937984496124,60,0.0394959793815449,0
"K Crowl","Great Falls Voyagers",2021,315,0.916701680672269,0.409720634920635,0.088235294117647,60,0.0393527685236715,0
"J Elvir","Grand Junction Jackalopes",2021,203,1.02544154751892,0.450403940886699,0.182926829268293,60,0.0393472520694158,0
"B Smith","Boise Hawks",2021,175,0.703116883116883,0.315851428571429,0.155844155844156,45,0.0393257714618683,0
"J Barfield","Rocky Mountain Vibes",2021,291,0.955088554057626,0.417072164948454,0.207692307692308,60,0.0393250943723042,0
"N Poss","RedPocket Mobiles",2026,126,0.751373626373626,0.337650793650794,0.153846153846154,35,0.0392820933805718,0
"E Bates","Yuba-Sutter Freebirds",2024,11,0.572727272727273,0.242181818181818,0,40,0.0391898443962415,0
"G DiGiacomo","Missoula PaddleHeads",2024,27,0.922705314009662,0.410259259259259,0.130434782608696,45,0.0390679723198388,0
"L Johnstone","Oakland Ballers",2026,127,1.22244094488189,0.506724409448819,0.4,60,0.0387609497722052,0
"D Blinn","Ogden Raptors",2025,27,0.931481481481482,0.422333333333333,0.15,45,0.0387536185991199,0
"C Fellows","Modesto Roadsters",2026,145,1.15116995073892,0.491565517241379,0.241071428571429,60,0.0387026759169894,0
"M Sanford","Oakland Ballers",2026,141,1.11060161408657,0.467702127659574,0.310344827586207,55,0.03870218494312,0
"R Pena","Missoula PaddleHeads",2025,460,1.24083370685791,0.517958695652174,0.430412371134021,65,0.0386878534716303,0
"B Wright","Billings Mustangs",2026,267,1.01050058043409,0.429080152671756,0.28110599078341,50,0.0386101277847179,0
"T Kelly","Idaho Falls Chukars",2021,136,0.910077145612343,0.402919117647059,0.122950819672131,55,0.0385846923220121,0
"H Hall","Boise Hawks",2025,10,0.6,0.2664,0,40,0.0385467570661267,0
"A Fogel","Missoula PaddleHeads",2025,376,1.24714095744681,0.520577127659574,0.396875,60,0.0382099606028114,0
"L Roskam","Grand Junction Jackalopes",2021,252,0.845667095667096,0.377888888888889,0.108108108108108,55,0.0381723438433789,0
"N Gatewood","Missoula PaddleHeads",2021,349,0.916771131805158,0.40232664756447,0.16875,55,0.0380245591823385,0
"J Akins","Missoula PaddleHeads",2021,291,0.86107602243864,0.382312714776632,0.154150197628458,55,0.0380172108453537,0
"D Stuart","Oakland Ballers",2024,163,0.938606485539001,0.410668711656442,0.192857142857143,45,0.0380083696195896,0
"M Hogan","Rocky Mountain Vibes",2023,187,0.974391624221845,0.41894623655914,0.276315789473684,50,0.0379478861001473,0
"C Muniz","Billings Mustangs",2026,428,1.1258761682243,0.480542056074766,0.295454545454545,65,0.0378851630663654,0
"R Jepson","Great Falls Voyagers",2022,309,1.18270805865196,0.502993527508091,0.251028806584362,75,0.037807615284305,0
"J Azuaje","Billings Mustangs",2021,264,0.693979266347687,0.321916666666667,0.0263157894736842,40,0.0377870601109042,0
"P Mills","Billings Mustangs",2024,217,1.06837937029167,0.453410138248848,0.311377245508982,60,0.0374504927494638,0
"I Nunez","Grand Junction Jackalopes",2025,415,1.00599897246819,0.439150246305419,0.199386503067485,55,0.0374415456347885,0
"M Jung-Goldberg","Boise Hawks",2025,447,1.1541822721598,0.489298876404494,0.316666666666667,70,0.0373929281183131,0
"A Fogel","Missoula PaddleHeads",2024,428,1.26831560855086,0.530481308411215,0.385057471264368,70,0.0373343323119674,0
"A Amicangelo","Billings Mustangs",2021,304,0.877153110047847,0.392483552631579,0.0545454545454545,50,0.0372561165643482,0
"V Esposito","Grand Junction Jackalopes",2021,306,0.85705368289638,0.379558823529412,0.168539325842697,55,0.0372554792096868,0
"J Matthews","Great Falls Voyagers",2021,268,0.862580872461726,0.386869402985075,0.0901287553648069,55,0.0372174330526296,1
"W Bermudez","Missoula PaddleHeads",2026,357,0.989053940581391,0.431539325842697,0.249110320284698,50,0.0371811925263146,0
"J Duarte","Yuba-Sutter Freebirds",2025,171,0.781677208732912,0.353627218934911,0.0620689655172413,35,0.0371512403408412,0
"K Quiggle","Idaho Falls Chukars",2021,261,0.973034579756535,0.426670498084291,0.164556962025316,55,0.0370889647133346,0
"T Carranza","Billings Mustangs",2021,317,0.829420683246521,0.374255520504732,0.151162790697674,55,0.0370631451648049,0
"C Eusay","Missoula PaddleHeads",2021,69,0.81214109926169,0.375333333333333,0.113207547169811,50,0.0370614991200995,0
"T Jorgensen","Boise Hawks",2021,279,0.716115246760408,0.322186379928315,0.0461538461538461,35,0.0370554786515962,0
"B Cannon","Modesto Roadsters",2026,443,1.00552681169553,0.436830699774266,0.230088495575221,60,0.0369845648175038,0
"B Vradenburg","Glacier Range Riders",2026,272,1.10262221326887,0.472981617647059,0.26027397260274,65,0.0367899562788416,0
"C Crader","Grand Junction Jackalopes",2021,27,0.912037037037037,0.396740740740741,0.25,50,0.0367664741282478,0
"D Gomez","Colorado Springs Sky Sox",2024,381,1.14158678734845,0.483836411609499,0.348101265822785,65,0.0366661872314,0
"A Cootway","Billings Mustangs",2026,392,1.15227959870817,0.487964285714286,0.316498316498317,65,0.0366605094053289,0
"S Greico","Ogden Raptors",2025,50,1.12888888888889,0.48392,0.311111111111111,50,0.0364693957002272,0
"J Broughton","Ogden Raptors",2021,319,0.91698595146871,0.40648275862069,0.0808080808080808,50,0.0364303163182233,0
"H Dunhurst","Modesto Roadsters",2026,245,1.01087320173971,0.429229508196721,0.295918367346939,50,0.0363997760787734,0
"T Tomaka","Boise Hawks",2021,44,0.760042283298097,0.333181818181818,0.13953488372093,45,0.0363370625347828,0
"L Sutter","Modesto Roadsters",2026,199,0.993451126600746,0.42948743718593,0.283870967741935,50,0.0362954556980453,0
"C Denning","Billings Mustangs",2023,353,1.00883405977584,0.436261363636364,0.232876712328767,60,0.0362466365268479,0
"J Newman","Missoula PaddleHeads",2022,410,1.14568876674682,0.484392682926829,0.335211267605634,70,0.036237331326388,0
"A Folds","Boise Hawks",2026,178,0.948,0.429795454545454,0.144,50,0.0362253215928474,0
"D Maberry","Ogden Raptors",2021,214,0.992592960827202,0.438873831775701,0.111702127659574,55,0.0361796648761295,0
"E Pelc","Long Beach Coast",2026,444,1.05050969791951,0.460758465011287,0.165605095541401,60,0.0361039821716915,0
"H Hisky","Idaho Falls Chukars",2021,226,0.838756523712276,0.379371681415929,0.0615384615384615,55,0.0360730555243841,0
"P Parks","Ogden Raptors",2021,348,0.892563922120572,0.398965517241379,0.122448979591837,55,0.0360589895048619,0
"C Monroe","Idaho Falls Chukars",2024,86,1.13636363636364,0.485848837209302,0.287878787878788,55,0.0360132518642711,0
"A Buendia","Rocky Mountain Vibes",2021,112,0.68783692722372,0.3094375,0.0283018867924528,35,0.035971019269545,0
"D Cornett","Billings Mustangs",2021,106,0.609414510795565,0.279462264150943,0.0309278350515464,35,0.0359490794824291,0
"N Vargas","Missoula PaddleHeads",2026,129,1.16368829049368,0.494217054263566,0.189473684210526,55,0.0359289439270555,0
"K Schmack","Great Falls Voyagers",2026,399,1.12403650636024,0.474308270676692,0.30503144654088,60,0.0357818377302299,0
"C Taylor","Glacier Range Riders",2023,299,0.937044245846812,0.410558528428094,0.209016393442623,50,0.0357497894347646,0
"J Raper","Great Falls Voyagers",2021,199,0.862356475112995,0.380190954773869,0.167597765363128,50,0.035729682824456,0
"M O<U+2019>Hara","Boise Hawks",2026,302,1.07692307692308,0.464254966887417,0.200854700854701,60,0.035704394758871,0
"K Maldonado","Grand Junction Jackalopes",2021,1108,0.77609673950968,0.347041516245487,0.0887573964497042,40,0.035701911844789,0
"C Jordan","Ogden Raptors",2024,314,0.889806327803449,0.392628664495114,0.151162790697674,40,0.0356933740067597,0
"K Ashworth","Glacier Range Riders",2026,409,0.999896710220524,0.446990049751244,0.131487889273356,55,0.035609954691807,0
"J Agnew","Grand Junction Jackalopes",2022,5,1.4,0.5978,0.6,45,0.0355740575657285,0
"M OConnor","Missoula PaddleHeads",2021,241,0.81839495376142,0.361141078838174,0.147982062780269,45,0.0355375377307387,0
"C Hall","Ogden Raptors",2025,268,1.04256503694706,0.447591760299625,0.283783783783784,55,0.0355156836977853,0
"K Hayes","Great Falls Voyagers",2021,87,0.809374533512464,0.359632183908046,0.155844155844156,50,0.0354841865522566,1
"S Barmakian","Idaho Falls Chukars",2021,312,0.759698789438566,0.348682692307692,0.033457249070632,45,0.0353700839948966,0
"D Matthews","Colorado Springs Sky Sox",2024,406,1.08895055184885,0.468394088669951,0.246835443037975,65,0.0352541266459187,0
"M Koszewski","Missoula PaddleHeads",2026,457,0.956920397500256,0.422777533039648,0.136627906976744,50,0.0352527662651036,0
"T DeBonville","Idaho Falls Chukars",2021,236,0.820172659591319,0.36506779661017,0.11214953271028,45,0.035236703365241,0
"J Olson","Great Falls Voyagers",2021,299,0.824782970913877,0.366451505016722,0.0974729241877256,45,0.0351385311399882,0
"R Shah","Ogden Raptors",2021,243,0.886450958594192,0.39622633744856,0.0995260663507109,55,0.035085344919928,0
"T Van Marter","Idaho Falls Chukars",2021,208,0.713141025641026,0.325014423076923,0.0158730158730159,35,0.0350664504702545,0
"C Smith","Oakland Ballers",2026,140,0.831034482758621,0.373242857142857,0.155172413793103,40,0.0350533099111053,0
"A Elder","Grand Junction Jackalopes",2021,185,0.616572260883638,0.284891891891892,0.0179640718562874,35,0.0350525031179852,0
"B Riley","Missoula PaddleHeads",2021,372,0.785495522487433,0.357836021505376,0.0464396284829722,45,0.0350377520884944,0
"C Thompson","Missoula PaddleHeads",2021,369,0.907968489622784,0.404081300813008,0.111801242236025,55,0.0350110564539281,0
"S Canton","Idaho Falls Chukars",2026,488,1.26851572251077,0.528094455852156,0.372549019607843,70,0.0349417860515691,0
"T Wyatt","Idaho Falls Chukars",2021,171,0.802072294831037,0.359824561403509,0.120805369127517,50,0.0348626094652028,0
"T McCaffrey","Long Beach Coast",2026,70,1.27470725995316,0.537728571428572,0.409836065573771,50,0.0348411116570175,0
"B Parr","Billings Mustangs",2021,124,0.727720065609623,0.32508064516129,0.0508474576271187,40,0.0348398159765048,0
"D Glancy","Yuba-Sutter Freebirds",2024,123,0.919684651391968,0.397715447154472,0.191919191919192,45,0.0348370947911506,0
"Q Landis","Colorado Springs Sky Sox",2025,323,0.958513931888545,0.423594427244582,0.16078431372549,50,0.0347652613870513,0
"G Lyttle","Great Falls Voyagers",2021,122,0.852955787382017,0.390163934426229,0.0606060606060606,55,0.0346569283356041,0
"J Hubbard","Grand Junction Jackalopes",2023,460,1.00689720332577,0.431300653594771,0.283163265306122,55,0.0344552051845016,0
"M Haas","Boise Hawks",2026,132,1.12286441294075,0.481977099236641,0.219047619047619,55,0.0344439809184393,0
"M Deeb","Great Falls Voyagers",2021,339,0.76476111885724,0.341622418879056,0.0964630225080386,40,0.0344152313666236,0
"D Leach","Billings Mustangs",2024,163,1.00599229561992,0.437196319018405,0.255813953488372,55,0.034400826483949,0
"A Figueredo","Billings Mustangs",2023,155,0.965891472868217,0.417587096774194,0.27906976744186,55,0.034324115992844,0
"S Skelly","Boise Hawks",2021,55,0.746615087040619,0.338218181818182,0.127659574468085,45,0.0341518062895951,0
"T Moore","Oakland Ballers",2026,146,1.0124582029986,0.431157534246575,0.307086614173228,45,0.0340735811516763,0
"J Guenther","Missoula PaddleHeads",2023,393,0.898304687865874,0.396603053435115,0.119631901840491,45,0.0339827170270451,0
"J Ajamian","Boise Hawks",2022,28,0.87111801242236,0.378714285714286,0.173913043478261,45,0.0339661230516397,0
"J Garcia","Billings Mustangs",2021,381,0.854537523783739,0.37902624671916,0.111747851002865,45,0.033957008537091,0
"T Darden","Boise Hawks",2025,452,1.20897240178422,0.514524336283186,0.256064690026954,70,0.033932968273156,0
"R Jepson","Great Falls Voyagers",2021,287,0.785618261131993,0.356146341463415,0.0472440944881889,45,0.0339326887572465,0
"M Miller","Boise Hawks",2021,367,0.776913549665593,0.350713896457766,0.0545454545454546,40,0.0339247509651479,1
"C Comer","Billings Mustangs",2021,199,0.688956144358154,0.312663316582915,0.102272727272727,35,0.0339180530874526,0
"D Ellis","Idaho Falls Chukars",2021,39,0.893040293040293,0.397871794871795,0.0857142857142857,50,0.0338360031783505,0
"B Rosengard","Long Beach Coast",2026,160,1.09035409035409,0.465711538461538,0.214285714285714,55,0.0338210782196971,0
"A Armstrong","Ogden Raptors",2021,192,0.636853448275862,0.293005208333333,0.0172413793103448,35,0.0337354403219275,0
"G Ferraro-Nahr","Ogden Raptors",2026,389,1.17751587884204,0.500579896907216,0.30030959752322,65,0.0337243909280701,0
"T Wyatt","Idaho Falls Chukars",2026,367,1.14589260695038,0.485008174386921,0.302839116719243,60,0.033703756171116,0
"O Johnson","Modesto Roadsters",2026,385,1.12305194805195,0.480672727272727,0.270833333333333,60,0.0336684022570431,0
"G Horton","Missoula PaddleHeads",2021,40,0.926315789473684,0.40595,0.157894736842105,50,0.0336658615700034,0
"V Temesvary","Great Falls Voyagers",2026,408,1.20413786768927,0.503501228501229,0.320872274143302,65,0.0336365706834837,0
"M Feinstein","Idaho Falls Chukars",2022,144,1.08788102261554,0.468888888888889,0.247787610619469,60,0.033626392109676,0
"T Best","Boise Hawks",2026,134,0.881313131313131,0.398969696969697,0.161616161616162,40,0.033566630769915,0
"J Gutierrez","Grand Junction Jackalopes",2021,240,0.77722602739726,0.347354166666667,0.0958904109589041,40,0.0335655147394143,0
"E Good","Missoula PaddleHeads",2026,119,0.730437665782493,0.323034482758621,0.115384615384615,30,0.0335060412997185,0
"C Silber","Missoula PaddleHeads",2021,71,0.690574214517876,0.313028169014084,0.0461538461538461,40,0.0333434392900022,0
"D Molinari","Colorado Springs Sky Sox",2022,29,1.047976011994,0.449586206896552,0.173913043478261,50,0.0333359107928621,0
"H George","Colorado Springs Sky Sox",2023,410,1.04843605092319,0.450286063569682,0.25,65,0.0333234246372189,0
"C Dayton","Boise Hawks",2025,24,1.11111111111111,0.480958333333333,0.277777777777778,45,0.0333212174690003,0
"R Washington Jr.","Grand Junction Jackalopes",2023,420,1.05672268907563,0.453421428571429,0.266106442577031,60,0.0333081148048151,0
"Z Zurbrugg","Great Falls Voyagers",2021,105,0.692134831460674,0.325028571428571,0,45,0.0332846096450078,0
"J Jablonski","Idaho Falls Chukars",2025,299,1.03954739586222,0.445744966442953,0.289256198347107,55,0.0332550691230527,0
"C Sargent Jr.","Ogden Raptors",2025,398,1.18480220975498,0.500826196473552,0.357954545454545,60,0.0332250237006542,0
"D Delorefice","Missoula PaddleHeads",2021,82,0.718815331010453,0.332353658536585,0.0428571428571429,45,0.0331152335307458,0
"B Rosengard","Idaho Falls Chukars",2025,284,1.27446109216597,0.539681978798586,0.253275109170306,65,0.0330959270599391,0
"S Kuchinski","Grand Junction Jackalopes",2024,224,1.01062324644493,0.435991031390135,0.288770053475936,55,0.0329603172722117,0
"T Dixon","Ogden Raptors",2021,90,0.737037037037037,0.332755555555556,0.0740740740740741,40,0.0329009000139059,0
"J Sisto","Boise Hawks",2026,125,0.809943925233645,0.354192,0.186915887850467,35,0.0328904293391323,0
"C Caffrey","Ogden Raptors",2021,60,0.741823899371069,0.337516666666667,0.0566037735849056,45,0.0328459661939676,0
"D Stroup","Rocky Mountain Vibes",2023,450,1.06377473363775,0.455082222222222,0.265753424657534,65,0.0328353851026255,0
"G Bautista","Billings Mustangs",2021,98,0.541269841269841,0.249928571428571,0.0333333333333333,35,0.0328236169663693,0
"G Barnes","Rocky Mountain Vibes",2021,249,0.695592496568553,0.311771084337349,0.0379746835443038,30,0.0328153508331453,0
"W Ponce","Great Falls Voyagers",2026,194,0.83604982328518,0.369217616580311,0.165562913907285,40,0.032809862786754,0
"J McLaughlin","Glacier Range Riders",2025,68,0.911764705882353,0.398691176470588,0.15,40,0.0327990312618497,0
"J Soto","Ogden Raptors",2023,74,1.11782094594595,0.472081081081081,0.28125,50,0.0327491837074757,0
"A Baeza","Boise Hawks",2023,319,1.01177371145294,0.433332288401254,0.228682170542636,60,0.0327291858266445,0
"P Robertson","Colorado Springs Sky Sox",2023,408,1.01172839506173,0.438469135802469,0.21875,60,0.0326608014854122,0
"M Rodriguez","Idaho Falls Chukars",2023,9,1,0.430777777777778,0.333333333333333,45,0.0326373251491464,0
"C Jordan","Ogden Raptors",2026,456,0.97941083306937,0.42039911308204,0.244155844155844,50,0.032519648722771,0
"C Campbell","Boise Hawks",2026,143,0.938743994509266,0.411794326241135,0.104838709677419,35,0.0324749172806255,0
"E Rosales","Rocky Mountain Vibes",2021,303,0.727209387605427,0.328049504950495,0.1,35,0.0324576993386723,0
"C Almanza","Oakland Ballers",2025,406,1.04749776085983,0.443485221674877,0.338068181818182,55,0.0324410825275001,0
"H Brown","Idaho Falls Chukars",2021,90,0.681944444444444,0.310822222222222,0.075,40,0.0323978315352556,0
"S Jabusch","Great Falls Voyagers",2021,425,0.739210224479764,0.339691764705882,0.075208913649025,40,0.0323890655475155,0
"J Boyd","Modesto Roadsters",2026,271,0.953090689029135,0.412840148698885,0.223255813953488,45,0.032361605626711,0
"B Perez","Rocky Mountain Vibes",2021,303,0.580084215318084,0.261415841584158,0.0310344827586207,20,0.0323240903050936,0
"J Anderson","Grand Junction Jackalopes",2021,188,0.708984875672904,0.325095744680851,0.036144578313253,40,0.0323084955271897,0
"D Wilkinson","Ogden Raptors",2026,262,0.932955206515416,0.415666666666667,0.136125654450262,45,0.0323071214886305,0
"W Crenshaw","Billings Mustangs",2023,64,1.05602240896359,0.447333333333333,0.313725490196078,50,0.0322202664959754,1
"R Alexiades","Ogden Raptors",2021,112,0.785624098124098,0.355464285714286,0.0606060606060606,45,0.0321956325530421,0
"B Ryan","Billings Mustangs",2024,411,0.980766970320306,0.429665853658537,0.19578313253012,55,0.032150635174396,0
"J Kalafut","Boise Hawks",2026,375,0.989117845117845,0.433168,0.148148148148148,50,0.0321422661076067,0
"A Ludwick","Missoula PaddleHeads",2022,10,0.8,0.3552,0,45,0.0321104535763492,0
"S Barmakian","Rocky Mountain Vibes",2023,162,0.870640713706407,0.379333333333333,0.18978102189781,45,0.0320367500290612,0
"D Matthews","Colorado Springs Sky Sox",2023,347,1.05465427943814,0.449472622478386,0.297202797202797,60,0.0320285275479368,0
"E Scavotto","Grand Junction Jackalopes",2025,465,1.08390593583355,0.465270967741935,0.246612466124661,60,0.0319846777772097,0
"X Casserilla","Missoula PaddleHeads",2026,458,1.20172566847036,0.507929978118162,0.351421188630491,65,0.0319461084647466,0
"P Chung","Missoula PaddleHeads",2022,105,0.987468671679198,0.421361904761905,0.178947368421053,50,0.0318889020126375,0
"M Annone","Rocky Mountain Vibes",2021,209,0.6629705577074,0.301684210526316,0.0634920634920635,30,0.0318722956408879,0
"K Figueiredo","Grand Junction Jackalopes",2023,200,1.13484641751805,0.481396984924623,0.291390728476821,65,0.0318609094055794,0
"A Fernandes","Glacier Range Riders",2026,131,1.1149136577708,0.481169230769231,0.224489795918367,55,0.0318128669458001,0
"N Scantlin","Grand Junction Jackalopes",2021,275,0.861357882623705,0.388643636363636,0.0632911392405063,50,0.0318098284437457,0
"K Greenwalt","Missoula PaddleHeads",2023,420,1.01702544031311,0.434804761904762,0.257534246575342,55,0.03173945486815,0
"F Achecar","Billings Mustangs",2021,197,0.703102720584042,0.319416243654822,0.050561797752809,35,0.03173408779269,0
"R Cash","Missoula PaddleHeads",2023,298,0.751638001638002,0.334408783783784,0.0946969696969697,30,0.0317158425776903,0
"E Good","Ogden Raptors",2025,413,0.901757288796638,0.400643031784841,0.129909365558912,40,0.0317114751377726,0
"B Broussard","Billings Mustangs",2021,262,0.599514226231783,0.285038167938931,0.0545454545454545,35,0.0316017330818397,0
"B West","Idaho Falls Chukars",2021,123,0.881315331010453,0.388,0.160714285714286,50,0.0314417254922588,0
"A Shaver","Billings Mustangs",2026,416,1.26327352870278,0.528943765281174,0.338028169014085,60,0.0313914122373796,0
"A Bernard","Missoula PaddleHeads",2023,226,0.845570358844695,0.376530973451327,0.142857142857143,40,0.0313482051355273,0
"N Michaels","Ogden Raptors",2021,284,0.810334982870194,0.363503521126761,0.0579150579150579,40,0.0313051114435417,0
"J Reinhardt","Idaho Falls Chukars",2022,9,1.16666666666667,0.526,0,45,0.0312934879828137,0
"B Daniel","Great Falls Voyagers",2021,154,0.714001327140013,0.324681818181818,0.0656934306569343,35,0.031274423511183,0
"R Holgate","Great Falls Voyagers",2024,85,0.937418300653595,0.412658823529412,0.194444444444444,45,0.0312601130166871,0
"D Woodcox","Boise Hawks",2025,193,0.880461109237514,0.384891191709845,0.189349112426035,35,0.0312323002919395,0
"L Terilli","Modesto Roadsters",2026,193,0.77130599185573,0.360120418848168,0.104166666666667,35,0.0312107801758591,0
"R Alexiades","Ogden Raptors",2023,443,1.10464145459043,0.465020316027088,0.345205479452055,70,0.0312095022941598,0
"K Kaler","Boise Hawks",2024,210,0.910092355624791,0.403861244019139,0.133720930232558,45,0.0311376518371262,0
"E Niemann","Yuba-Sutter Freebirds",2024,86,0.849894291754757,0.376453488372093,0.116883116883117,35,0.0311337992114708,0
"C Royer","Idaho Falls Chukars",2026,53,0.801457975986278,0.362811320754717,0.0681818181818182,35,0.0311152545352278,0
"C Petersen","Grand Junction Jackalopes",2022,323,1.090156220591,0.467127329192547,0.261363636363636,65,0.0310795995025416,0
"N Klemp","Missoula PaddleHeads",2025,247,1.07470781452907,0.459263157894737,0.30188679245283,60,0.0310661780205061,0
"L Navigato","Idaho Falls Chukars",2024,6,0.9,0.411,0,45,0.0310599279158565,0
"T Clark-Chiapparelli","Ogden Raptors",2024,6,0.9,0.411,0,45,0.0310599279158565,0
"E Pelc","Idaho Falls Chukars",2025,234,0.844185352642813,0.381351931330472,0.0909090909090909,40,0.0310083817523117,0
"A Nunez","Rocky Mountain Vibes",2021,233,0.611714213582429,0.277034334763949,0.0135746606334842,25,0.0309327181801962,0
"J Donahue","Yuba-Sutter Freebirds",2026,337,0.847946377329478,0.376580060422961,0.172043010752688,35,0.0309041086692448,0
"N Klemp","Missoula PaddleHeads",2026,478,1.01038881518522,0.430949790794979,0.273170731707317,55,0.030892269155696,0
"H Dodson","Ogden Raptors",2026,262,0.862451896646509,0.37743137254902,0.210280373831776,35,0.0308688340292554,0
"C Estrada","Idaho Falls Chukars",2021,34,1.10695187165775,0.483411764705882,0.181818181818182,50,0.0308455107917742,0
"C Matlon","Boise Hawks",2026,9,0.75,0.333,0,40,0.0308280555578378,0
"L Williams","Ogden Raptors",2024,9,0.708333333333333,0.296,0,40,0.0308280555578378,0
"A Eggleston","Great Falls Voyagers",2021,61,0.593327581248202,0.268934426229508,0.0526315789473684,35,0.0308226186459761,0
"P Lester","Idaho Falls Chukars",2026,283,1.24221717156614,0.520362989323843,0.378151260504202,65,0.0307646072195945,0
"J Gonzalez","Yuba-Sutter Freebirds",2024,392,1.11289733284618,0.475409207161125,0.270186335403727,65,0.0307400016050066,0
"F Jezioro","Grand Junction Jackalopes",2021,135,0.968253968253968,0.426392592592593,0.119047619047619,50,0.0307086416279588,0
"J Pyle","Ogden Raptors",2023,13,0.761538461538461,0.364153846153846,0,45,0.0306648014889692,0
"S Rich","Idaho Falls Chukars",2025,221,1.08475378787879,0.466422727272727,0.244791666666667,50,0.0306097883908338,0
"R McCarthy","Great Falls Voyagers",2023,103,1.17532174305712,0.494203883495146,0.337209302325581,55,0.0305370370508118,1
"C Halvorson","Grand Junction Jackalopes",2025,200,1.01089820359281,0.43771,0.167664670658683,45,0.0305282760311308,0
"T Specht","Great Falls Voyagers",2026,500,0.961990610328638,0.413062,0.237089201877934,55,0.0304937004031911,0
"J McHenry","Billings Mustangs",2026,390,0.934825833395729,0.410203084832905,0.223300970873786,50,0.0304320974984699,0
"T Rogers","Oakland Ballers",2026,103,0.88975188781014,0.385747572815534,0.2,35,0.0303745907216974,0
"G Lora Gonzalez","Rocky Mountain Vibes",2025,376,0.924672667757774,0.401023936170213,0.193846153846154,40,0.0303199254608343,0
"M Rich","Colorado Springs Sky Sox",2022,185,0.658486707566462,0.293169398907104,0.0368098159509202,25,0.0303102569360449,0
"L Moreno","Great Falls Voyagers",2025,65,0.956671899529042,0.436476923076923,0.102040816326531,40,0.0302758642757808,0
"E Barrera","Idaho Falls Chukars",2026,248,0.884562841530055,0.391504098360656,0.161458333333333,40,0.0302510372246847,0
"P Adams","Ogden Raptors",2022,393,0.850920598388953,0.3828,0.0886075949367088,45,0.0302053787784679,0
"Q Alexander","Great Falls Voyagers",2021,239,0.637178720860729,0.293874476987448,0,25,0.0301991731349972,0
"M Minzey","Grand Junction Jackalopes",2025,396,1.07488876355205,0.457477157360406,0.308641975308642,60,0.030190633503479,0
"T Yukumoto","Missoula PaddleHeads",2026,348,0.966614650871448,0.428696531791907,0.11787072243346,50,0.0301703369283819,0
"N Emanuel","Great Falls Voyagers",2022,98,0.696892393320965,0.316816326530612,0.0227272727272727,35,0.0301007349845792,0
"S Gozzo","Ogden Raptors",2023,253,0.897559782276313,0.398915662650602,0.131979695431472,45,0.0301005914820352,0
"G Ostrander","Idaho Falls Chukars",2025,384,1.01748932819429,0.445229765013055,0.168253968253968,55,0.030087450902686,0
"F Rojas Jr.","Great Falls Voyagers",2024,364,0.933411826268969,0.410956043956044,0.183673469387755,45,0.0300721119204485,0
"R Cash","Glacier Range Riders",2022,386,0.802437374118832,0.358442708333333,0.0725075528700906,40,0.0300569197584328,0
"E Lopez","Rocky Mountain Vibes",2022,286,0.94023544023544,0.40441958041958,0.216216216216216,50,0.0300174513305621,0
"H Nieves","RedPocket Mobiles",2026,115,0.959771629336847,0.406747826086957,0.282828282828283,40,0.0299937816043433,0
"K Ewell","Grand Junction Jackalopes",2025,99,1.05162738496072,0.451585858585859,0.308641975308642,50,0.0299241692836361,0
"R Quevedo","Boise Hawks",2026,73,0.400421496311907,0.197260273972603,0,30,0.0298750444828671,0
"D Jackson","Boise Hawks",2026,289,0.809926034152132,0.360840425531915,0.124463519313305,30,0.0298052732131895,0
"N Emanuel","Great Falls Voyagers",2021,121,0.655756484739383,0.312198347107438,0,40,0.0297761293661471,0
"C Stratton","Grand Junction Jackalopes",2021,22,0.324675324675325,0.152454545454545,0,45,0.0297662157626946,0
"N Martinez","Oakland Ballers",2024,400,1.01730769230769,0.4411075,0.255384615384615,60,0.0297594905785053,0
"O Taylor","Ogden Raptors",2021,217,0.772775611485289,0.354626728110599,0.0659340659340659,45,0.0297549011111691,0
"Z Blaszak","Great Falls Voyagers",2026,313,0.884305210918114,0.393483974358974,0.149193548387097,40,0.0297046070508776,0
"M Skundrich","Billings Mustangs",2021,248,0.628795066413662,0.290310483870968,0.0407239819004525,30,0.029684044812433,0
"J Edmonds","Long Beach Coast",2026,31,0.373449131513648,0.197225806451613,0,35,0.0296543367715681,0
"K Schmack","Great Falls Voyagers",2025,168,1.03683035714286,0.452488095238095,0.21875,50,0.0296441504244032,0
"T McKenzie","Oakland Ballers",2025,389,0.903338876008025,0.393932816537468,0.211480362537764,40,0.0296435429800619,0
"C Horner","Boise Hawks",2025,60,0.991525423728814,0.43764406779661,0.159090909090909,50,0.0295913785877152,1
"B Barrera","Oakland Ballers",2024,407,1.05761953175746,0.45319656019656,0.261494252873563,65,0.0295912908845941,0
"J Millan","Glacier Range Riders",2026,372,0.951890153819414,0.410791891891892,0.286173633440514,45,0.0295908767446902,0
"E Apodaca","Missoula PaddleHeads",2026,471,0.982794055201698,0.431870488322718,0.157333333333333,55,0.0295576898193885,0
"B Bohning","Idaho Falls Chukars",2022,106,0.866666666666667,0.394019047619048,0.0470588235294118,45,0.0295375564556377,0
"A Don","Idaho Falls Chukars",2021,287,0.691781102684977,0.316613240418118,0.0470588235294118,30,0.0294749675942461,0
"C Gallardo","Rocky Mountain Vibes",2021,194,0.576015401813439,0.275201030927835,0.0180722891566265,35,0.0294290850809747,0
"J Feliciano","Rocky Mountain Vibes",2025,52,0.954425013248543,0.441941176470588,0.027027027027027,45,0.0294257437402906,0
"T Ganus","Ogden Raptors",2026,248,0.872631707615206,0.392794238683128,0.0544554455445544,35,0.0294142109294715,0
"C Denning","Billings Mustangs",2024,249,0.929718875502008,0.408317269076305,0.181372549019608,45,0.0293990658877739,0
"J Mabry","Glacier Range Riders",2025,205,0.71724245253657,0.320014705882353,0.0264550264550265,25,0.0293986841185455,0
"R McCarthy","Glacier Range Riders",2024,144,1.16022222222222,0.493805555555556,0.288,60,0.0293892787537334,1
"J Lojewski","Modesto Roadsters",2026,376,0.937954202660085,0.410467914438503,0.189102564102564,45,0.0293077597434129,0
"P Coddou","Yuba-Sutter Freebirds",2025,306,0.880732458272565,0.396133986928105,0.111570247933884,40,0.0293023022896793,0
"K Byrne","Rocky Mountain Vibes",2024,97,0.946489936180658,0.415278350515464,0.190476190476191,45,0.0292725757446006,0
"K Oyama","Ogden Raptors",2025,431,0.846960054163846,0.379308056872038,0.0571428571428572,35,0.0291436575666566,0
"J Valdez","Ogden Raptors",2022,437,1.0450075735366,0.448384259259259,0.242744063324538,60,0.0290979171666241,0
"C Jordan","Ogden Raptors",2025,437,0.945394594927737,0.411708045977011,0.17426273458445,45,0.0290822016395713,0
"A Atwood","Great Falls Voyagers",2021,95,0.642822966507177,0.293873684210526,0,35,0.0290621329861727,1
"J Day","Rocky Mountain Vibes",2024,425,1.02309761422111,0.441,0.236914600550964,55,0.0289817116148165,0
"M Harris","Boise Hawks",2021,185,0.69054054054054,0.314983783783784,0.1125,40,0.0289564355713918,0
"C Tirado","Rocky Mountain Vibes",2021,93,0.657397107897664,0.293709677419355,0.103448275862069,35,0.028918721300262,1
"G Diaz","Rocky Mountain Vibes",2022,419,0.908809122914434,0.402508393285372,0.0691489361702127,45,0.0289142588352689,0
"J Barth","Billings Mustangs",2022,274,0.744322344322344,0.331523809523809,0.112,30,0.0289054127344508,0
"R Narea","Ogden Raptors",2023,359,0.847242715304287,0.374733524355301,0.13953488372093,35,0.0288874335124084,0
"G Brusa","Yuba-Sutter Freebirds",2025,407,1.04342790158947,0.445490147783251,0.308781869688385,55,0.0288763613213032,0
"C Petersen","Rocky Mountain Vibes",2023,247,1.04898785425101,0.454327935222672,0.21578947368421,60,0.028756027269087,0
"T Brunson","Great Falls Voyagers",2021,127,0.68266358946511,0.309606299212598,0.0517241379310345,35,0.0287401621252445,0
"M Golda","Grand Junction Jackalopes",2023,199,0.797813183380194,0.355994845360825,0.103030303030303,35,0.028650479820078,0
"J Jablonski","Long Beach Coast",2026,377,1.02347437733579,0.43716976127321,0.297124600638978,55,0.0286246983719587,0
"G Howell","Glacier Range Riders",2022,101,1.11477814448111,0.479465346534654,0.271604938271605,60,0.0286157183371992,0
"J Esparza","Rocky Mountain Vibes",2021,259,0.590336807728112,0.262258687258687,0.0592885375494071,20,0.0286065804071648,0
"D Abbadessa","Ogden Raptors",2021,99,0.677108160254228,0.311878787878788,0,35,0.0285754308186405,0
"N Burns II","Billings Mustangs",2026,164,0.931534472825043,0.410006097560976,0.165354330708661,50,0.0285540755324622,0
"W Mitchell","Idaho Falls Chukars",2026,407,0.950443349753695,0.409822660098522,0.228571428571429,40,0.0285515027242207,0
"L Figueroa","Modesto Roadsters",2026,187,0.758540372670807,0.342885869565217,0.0683229813664596,30,0.0284987852252581,0
"C Halvorson","Grand Junction Jackalopes",2024,274,0.947472974221565,0.406970802919708,0.244725738396624,50,0.0284886147084221,0
"R Orsak","Yuba-Sutter Freebirds",2025,426,0.985357368753953,0.427305882352941,0.212365591397849,50,0.0284739616429702,0
"C Runge","Missoula PaddleHeads",2024,286,0.971447639497432,0.417465034965035,0.211618257261411,50,0.0284735767177901,0
"C Runge","Great Falls Voyagers",2022,396,0.870851370851371,0.385684343434343,0.157738095238095,45,0.0284669359662702,0
"G Howell","Glacier Range Riders",2023,455,0.935102633215841,0.407826373626374,0.21832884097035,55,0.0283916996134806,0
"K Stancato","Ogden Raptors",2025,188,0.913927586089444,0.402508021390374,0.184713375796178,45,0.0283742082272539,0
"P Roche Jr.","Long Beach Coast",2026,267,0.882275132275132,0.395556390977443,0.157407407407407,40,0.0283734464826615,0
"C Phelts","Ogden Raptors",2023,392,0.873504890171557,0.387524675324675,0.12037037037037,40,0.0282544673798787,0
"C Bess","Long Beach Coast",2026,416,0.990675990675991,0.42140625,0.289256198347107,50,0.0282234860016293,0
"B Ryan","Billings Mustangs",2023,137,1.07509578544061,0.467318518518518,0.172413793103448,55,0.0282153362388615,0
"L Barns","Ogden Raptors",2023,200,0.77953488372093,0.350015,0.0755813953488372,30,0.0282113064966592,0
"M O'Connor","Missoula PaddleHeads",2023,391,0.95929368883716,0.413240409207161,0.260479041916168,50,0.0281929300862665,0
"S Baumgardt","Idaho Falls Chukars",2025,341,1.09674922600619,0.464232352941176,0.291228070175439,60,0.0281835670099615,0
"C Booth","Rocky Mountain Vibes",2025,449,0.883817257217848,0.391033482142857,0.128608923884514,30,0.0281588933549366,0
"A Mata","Idaho Falls Chukars",2024,156,0.807280310929946,0.356902597402597,0.124087591240876,30,0.0281568417469927,0
"A Monge","Grand Junction Jackalopes",2021,158,0.609377785701551,0.283443037974684,0,30,0.0281443245418875,0
"T Dooley","Idaho Falls Chukars",2026,437,1.02218973528951,0.443873831775701,0.206703910614525,50,0.0281034885954393,0
"T Reynolds","Grand Junction Jackalopes",2021,46,0.662248144220573,0.306652173913044,0,40,0.0280967808495447,0
"J O'Dowd","Billings Mustangs",2025,395,1.09121388732218,0.465228426395939,0.308641975308642,60,0.0280924637739581,0
"A Shumaker","Grand Junction Jackalopes",2024,93,0.808547008547009,0.362855555555556,0.0641025641025641,35,0.0280447944468749,0
"T Clarkson","Glacier Range Riders",2025,435,0.890861437413162,0.391204597701149,0.186813186813187,45,0.0280076179674297,0
"G Morgan","Idaho Falls Chukars",2025,222,0.879359806734108,0.391806306306306,0.139664804469274,40,0.0279941945966629,0
"M Clayton","Glacier Range Riders",2023,320,0.92654520295203,0.404309375,0.210332103321033,50,0.0279850908811331,0
"J Smith","Colorado Springs Sky Sox",2025,7,1.21428571428571,0.549428571428571,0,45,0.0279670378783323,0
"J Harrison-Dudley","RedPocket Mobiles",2026,360,1.0704306912776,0.455838888888889,0.319218241042345,55,0.0279212045935959,0
"E Santos","Oakland Ballers",2026,406,0.955533509700176,0.413308641975309,0.261904761904762,50,0.0279022178673519,0
"D Maiben","Boise Hawks",2023,226,0.780449050086356,0.34724,0.077720207253886,30,0.0279020308179894,0
"S Coffman","Long Beach Coast",2026,393,0.780820082186886,0.347922279792746,0.0919540229885058,25,0.0278731359617268,0
"D Ratfield","Glacier Range Riders",2026,351,0.970983494087736,0.423621776504298,0.176056338028169,50,0.0278689373403789,0
"J Barfield","Rocky Mountain Vibes",2023,349,1.13109354413702,0.476698550724638,0.325174825174825,65,0.0278580838942989,0
"T Rogers","Idaho Falls Chukars",2025,460,1.18322170507436,0.501193478260869,0.326370757180157,65,0.0278564100436178,0
"E McCabe","Rocky Mountain Vibes",2023,255,0.770779108103418,0.343933333333333,0.0929203539823009,30,0.0278254270614092,0
"M Schwellenbach","Missoula PaddleHeads",2021,13,0.825174825174825,0.379384615384615,0,50,0.0278095342821342,0
"E Corona","Long Beach Coast",2026,423,1.096553101307,0.46248463356974,0.32425068119891,55,0.0277715158291099,0
"M Soper","Billings Mustangs",2026,399,0.98591762086514,0.42704834605598,0.20625,55,0.0277318817114821,0
"T Lomack","Billings Mustangs",2023,400,0.845400331546427,0.366962216624685,0.148148148148148,30,0.0276991120047116,0
"A Pimentel","Grand Junction Jackalopes",2025,394,1.03977226181699,0.446030769230769,0.261980830670927,60,0.0276969302747628,0
"K Frett","Missoula PaddleHeads",2025,84,0.909420289855072,0.399321428571429,0.188405797101449,45,0.0276963317997556,0
"Z Roos","Grand Junction Jackalopes",2025,446,1.03819869891998,0.449174887892377,0.230985915492958,60,0.0276892534343302,0
"J Johnson Jr.","Billings Mustangs",2026,412,1.03797115632943,0.443007299270073,0.312849162011173,50,0.0276875727931032,0
"T Garcia","Rocky Mountain Vibes",2025,335,0.939217963608207,0.411279279279279,0.118466898954704,40,0.0276719391631322,0
"C Perez","Missoula PaddleHeads",2025,258,0.858425132598939,0.374062015503876,0.166666666666667,35,0.027647817137997,0
"D Wilkinson","Ogden Raptors",2025,236,0.865884680610514,0.387922413793103,0.109289617486339,40,0.027647263137947,0
"G White","Boise Hawks",2021,127,0.594021086347257,0.272645669291339,0,30,0.0276336351884752,0
"E Underwood","Boise Hawks",2025,392,0.915799369389606,0.409866323907455,0.116504854368932,40,0.0276014353605785,0
"B Fitzgerald","Glacier Range Riders",2024,315,1.01435998384817,0.435814102564103,0.299212598425197,55,0.0276002280796202,0
"K Carlson","Yuba-Sutter Freebirds",2026,154,0.744092508798391,0.335392156862745,0.130769230769231,35,0.0275841031809815,0
"J Piatkiewicz","Boise Hawks",2026,336,0.875595404875315,0.389906626506024,0.143410852713178,40,0.0275617291306173,0
"J McMurray","Rocky Mountain Vibes",2023,239,1.03171752219614,0.454292887029289,0.0682926829268293,50,0.027561103627209,0
"M Mugan","Modesto Roadsters",2026,100,0.79040404040404,0.352181818181818,0.142857142857143,35,0.0275479041158315,0
"J Trimble","Idaho Falls Chukars",2026,420,1.37296918767507,0.573095238095238,0.408963585434174,65,0.0275460399669448,0
"T Lomack","Yuba-Sutter Freebirds",2024,337,0.854356526605911,0.386448071216617,0.0747330960854093,35,0.0275094533429877,0
"T Rogers","Idaho Falls Chukars",2024,406,0.950846005568644,0.415830049261084,0.201863354037267,50,0.0274967466151954,0
"T Minder","Boise Hawks",2023,381,0.828823858639162,0.36302110817942,0.142424242424242,35,0.0274901171403092,0
"J Collura","Oakland Ballers",2026,317,0.883953243831463,0.392309148264984,0.162790697674419,45,0.0274102816665524,0
"J Rooks","Billings Mustangs",2024,131,0.957492969063881,0.424396946564885,0.189473684210526,50,0.0273928613169417,0
"C Tucker","Ogden Raptors",2025,81,0.920748705694942,0.411530864197531,0.129032258064516,45,0.027386485341024,0
"J Allgeyer","Oakland Ballers",2026,346,0.998916184971098,0.432635838150289,0.229166666666667,55,0.0273815343450473,0
"S Linscott","Rocky Mountain Vibes",2025,423,1.03319594519327,0.447364066193853,0.191099476439791,50,0.0273792450641435,0
"M Jackson","RedPocket Mobiles",2026,146,0.784501301935922,0.349767123287671,0.181818181818182,30,0.0273747887717274,0
"J Coutts","Colorado Springs Sky Sox",2023,384,1.09662953172205,0.467669270833333,0.262839879154079,60,0.0273547029702241,0
"M Yonamine","Boise Hawks",2024,467,0.97892016651297,0.42154817987152,0.236009732360097,45,0.0273183055542859,0
"M Handron","Modesto Roadsters",2026,345,1.06754658385093,0.46024347826087,0.221428571428571,60,0.0272886086425107,0
"T Cobb","Oakland Ballers",2026,252,0.986247010219613,0.427904761904762,0.219178082191781,50,0.0272603844974917,0
"M Rosario","Missoula PaddleHeads",2024,402,1.01243258133735,0.442688279301746,0.156976744186046,50,0.0272309124248127,0
"M Jefferson","Oakland Ballers",2024,168,0.840136054421769,0.375113095238095,0.115646258503401,35,0.0272299426219579,0
"D Tofteland","Rocky Mountain Vibes",2024,399,1.01139240506329,0.439288607594937,0.25,60,0.0272186322803275,0
"A Gauna","Great Falls Voyagers",2026,126,1.03706130770351,0.452079365079365,0.18348623853211,45,0.027176881460201,0
"K Moody","Colorado Springs Sky Sox",2025,335,0.97098812506809,0.420976119402985,0.193430656934307,55,0.0271732994125912,0
"B Daniel","Great Falls Voyagers",2022,410,0.943022081108385,0.413863414634146,0.189349112426036,55,0.0271358281831066,0
"C Gordon","Missoula PaddleHeads",2024,323,0.95351274112884,0.420024767801858,0.192307692307692,50,0.0271045518203057,0
"T Cruz","Great Falls Voyagers",2026,426,1.15237038211511,0.488627358490566,0.296918767507003,65,0.0270981659190383,0
"L Navarro","Missoula PaddleHeads",2023,300,1.00655870445344,0.43815,0.190283400809717,55,0.0270814561053691,0
"T Rover","Glacier Range Riders",2026,395,0.895322139789145,0.391720812182741,0.190769230769231,40,0.0270744298718451,0
"R Mccarthy","Idaho Falls Chukars",2024,237,0.901216418087402,0.405583690987124,0.12707182320442,45,0.0270559237248244,1
"A Elder","Grand Junction Jackalopes",2022,141,0.888970408412815,0.404510638297872,0.0517241379310345,50,0.0270287607543467,0
"C Bagnieski","Ogden Raptors",2024,322,0.93217665615142,0.407646687697161,0.13768115942029,45,0.0270270059212503,0
"J Williams","Great Falls Voyagers",2023,349,0.916745211883577,0.399272206303725,0.171052631578947,40,0.0270209869427723,0
"C Hext","Yuba-Sutter Freebirds",2025,392,0.90163909853328,0.392462724935733,0.204081632653061,40,0.0270191604200091,0
"E Amundson","Yuba-Sutter Freebirds",2026,103,0.742227555361623,0.320543689320388,0.269662921348315,35,0.0270049130802485,0
"J Teixeira","Boise Hawks",2022,406,0.976670958351993,0.419736453201971,0.224431818181818,60,0.0269956310078382,0
"C Vest","Long Beach Coast",2026,444,0.921567127061254,0.399555304740406,0.206214689265537,40,0.0269955763067952,0
"K Jimenez","Colorado Springs Sky Sox",2023,243,0.805896226415094,0.3546625,0.155660377358491,35,0.0269806315250334,0
"Z Chamizo","Yuba-Sutter Freebirds",2026,413,0.996452014723789,0.42644794188862,0.239884393063584,55,0.0269661933856403,0
"A Fritz","Great Falls Voyagers",2025,335,0.944943116584908,0.405519402985075,0.213286713286713,50,0.026918430811986,0
"A Guadalupe","Colorado Springs Sky Sox",2023,366,0.984448734448734,0.421725274725275,0.24024024024024,50,0.0268719689731425,0
"D Mervis","Billings Mustangs",2021,21,0.829131652661064,0.385142857142857,0,50,0.0268710470784768,0
"P Chung","Missoula PaddleHeads",2023,353,0.870952415103812,0.381311614730878,0.123417721518987,35,0.0268694102860414,0
"B Harding","Grand Junction Jackalopes",2024,99,0.814814814814815,0.373242424242424,0.037037037037037,40,0.0268358507058694,0
"C Gordon","Missoula PaddleHeads",2023,362,0.877054330799253,0.385094182825485,0.201277955271566,40,0.0268178648887729,0
"T Cruz","Great Falls Voyagers",2025,249,0.916487869285361,0.399927710843373,0.17351598173516,40,0.0267619425894542,0
"R Alexiades","Ogden Raptors",2022,422,0.973473601813863,0.419641330166271,0.21875,60,0.0266933394711983,0
"D Tofteland","Rocky Mountain Vibes",2025,429,1.01203034253882,0.439009324009324,0.217514124293785,50,0.0266765843730895,0
"A Rios","Grand Junction Jackalopes",2024,399,1.01013466098377,0.437413098236776,0.219941348973607,60,0.0266516770904741,0
"K Higgins","Colorado Springs Sky Sox",2023,98,0.795236402417348,0.355164948453608,0.103448275862069,35,0.0266437510851812,0
"J Cone","Ogden Raptors",2024,422,0.958108513189448,0.415414868105516,0.1875,50,0.0266350052724181,0
"A Manisero","Great Falls Voyagers",2026,260,0.975412087912088,0.4246,0.196428571428571,40,0.0266040815012739,0
"R Pitts","Long Beach Coast",2026,67,0.759324009324009,0.349030303030303,0.115384615384615,35,0.0265820332964544,0
"A Atwood","Great Falls Voyagers",2022,107,0.932954083705811,0.403990654205607,0.184782608695652,50,0.0265137665670654,1
"L Navarro","Rocky Mountain Vibes",2022,263,1.05921467572487,0.459281368821293,0.194312796208531,70,0.0264631405123044,0
"C Mink","Ogden Raptors",2021,71,0.650528169014085,0.297732394366197,0.046875,35,0.0264365942925225,0
"D Crenshaw","Billings Mustangs",2024,43,0.863049095607235,0.385511627906977,0.138888888888889,45,0.0264358263979779,0
"J Chavez","RedPocket Mobiles",2026,284,0.892933874433039,0.391144366197183,0.199152542372881,40,0.0263998880625177,0
"L Sparks","Missoula PaddleHeads",2022,406,1.12533101739799,0.474266009852217,0.265895953757225,70,0.0263971810803606,1
"S Greico","Ogden Raptors",2026,233,1.15459100615235,0.485412017167382,0.389162561576355,50,0.0263948590364196,0
"D Leach","Billings Mustangs",2025,58,1.26724137931034,0.525,0.363636363636364,55,0.0263706729120467,0
"B Lada","Yuba-Sutter Freebirds",2025,433,0.902339679833286,0.391171296296296,0.219948849104859,35,0.026348694964316,0
"T Hardy","Idaho Falls Chukars",2024,101,0.95,0.4167,0.142857142857143,45,0.0263474782606249,0
"J Coutts","Colorado Springs Sky Sox",2024,412,1.05206174320934,0.450366504854369,0.25,55,0.0263370549525261,0
"E Acosta","Idaho Falls Chukars",2023,260,0.833801333801334,0.375996138996139,0.0863636363636364,40,0.0263367247110088,0
"N Leehey","Oakland Ballers",2026,281,0.838078291814947,0.361797153024911,0.218253968253968,30,0.0263334658663415,0
"J Talamante","Missoula PaddleHeads",2021,35,0.612807881773399,0.295885714285714,0,45,0.0262267917340453,0
"N Ultsch","Boise Hawks",2024,414,0.946960268711443,0.410480676328502,0.18005540166205,40,0.0261960271518946,0
"A Chouinard","Grand Junction Jackalopes",2023,173,0.96018444266239,0.420232558139535,0.179310344827586,45,0.0261738982842878,0
"P Harden","Oakland Ballers",2024,365,0.824968811263589,0.368453038674033,0.0967741935483871,30,0.0261719258648252,0
"F Rodriguez","Rocky Mountain Vibes",2021,82,0.438707633829585,0.204512195121951,0,30,0.0261577904722794,0
"C Phelts","Colorado Springs Sky Sox",2022,354,0.835334084012443,0.365587896253602,0.175496688741722,35,0.0261073479001969,0
"W Grant","Boise Hawks",2026,273,0.938518518518518,0.408633333333333,0.208888888888889,45,0.0260835452607196,0
"A Collins","Glacier Range Riders",2026,214,0.851269680699297,0.376896713615023,0.138121546961326,35,0.0260443881325679,0
"K Willman","Missoula PaddleHeads",2024,220,1.01126893939394,0.433263636363636,0.229166666666667,50,0.0259963043402369,1
"A Guadalupe","Colorado Springs Sky Sox",2024,78,1.05897435897436,0.459846153846154,0.215384615384615,55,0.0259799933104096,0
"K Liniak","Modesto Roadsters",2026,341,0.926989619377162,0.401711764705882,0.235294117647059,45,0.0259783980622554,0
"A Ray","Ogden Raptors",2022,74,0.726010101010101,0.323666666666667,0.0909090909090909,40,0.0259529641124052,0
"G Bevacqua","Ogden Raptors",2026,321,0.989129527873464,0.436777429467085,0.136882129277567,50,0.0259417423002819,0
"S Olsson","Boise Hawks",2023,134,0.959093421779989,0.42234328358209,0.0925925925925926,45,0.0259306637679596,0
"J Garcia","Billings Mustangs",2022,341,0.885735232509426,0.382633431085044,0.201298701298701,40,0.0258830195266624,0
"J Phillips","Yuba-Sutter Freebirds",2026,72,0.827380952380952,0.375652777777778,0.160714285714286,40,0.0258366842288015,0
"L Barns","Ogden Raptors",2024,360,0.759126984126984,0.340846590909091,0.0761904761904762,20,0.0258290395147223,0
"K Micklus","Billings Mustangs",2026,172,1.09502923976608,0.469327485380117,0.284722222222222,55,0.0258237159236328,0
"S Coffman","Grand Junction Jackalopes",2025,378,1.00639944757592,0.434580213903743,0.189189189189189,50,0.0258069859937731,0
"B McConnell","Glacier Range Riders",2022,430,0.744232704402516,0.333044811320755,0.0826666666666667,30,0.0257928962454623,0
"N Popa","Grand Junction Jackalopes",2022,433,0.974584278155707,0.425743055555556,0.119897959183673,45,0.0257892965300966,0
"G Wurtz","Billings Mustangs",2023,402,0.99603391493238,0.429455223880597,0.23943661971831,50,0.0257783309051081,0
"D Jimerson","Oakland Ballers",2026,102,1.16624040920716,0.496990196078431,0.271739130434783,50,0.0257460959132603,0
"S Strong","Colorado Springs Sky Sox",2022,17,0.983193277310924,0.407705882352941,0.214285714285714,45,0.0257409667510174,0
"B Wilhoite","Great Falls Voyagers",2026,262,0.978809374158211,0.426776061776062,0.125581395348837,45,0.0257051234796308,0
"C Garner","Glacier Range Riders",2026,437,0.949037840630247,0.41392183908046,0.196629213483146,45,0.0256565987766138,0
"T Kelly","Idaho Falls Chukars",2022,161,0.981039555410265,0.428111801242236,0.195488721804511,60,0.0256436383031483,0
"D Macaluso","Ogden Raptors",2022,146,0.908230027548209,0.3935625,0.206611570247934,45,0.0256351490781288,0
"P Chung","Missoula PaddleHeads",2024,434,1.06065073453342,0.458868055555556,0.209497206703911,65,0.0256223728778698,0
"C Lane","Ogden Raptors",2026,490,1.11665852944048,0.476544897959184,0.236842105263158,60,0.0255940292663256,0
"F Aberouette","Glacier Range Riders",2022,31,1.01194743130227,0.434161290322581,0.259259259259259,50,0.0255933416239336,0
"E Paton","Glacier Range Riders",2025,137,0.9903452685422,0.429397058823529,0.226086956521739,50,0.0255848275529755,0
"J Broughton","Ogden Raptors",2022,412,1.04511238196569,0.447007281553398,0.227397260273973,60,0.0255602830028016,0
"B Pelle","Ogden Raptors",2026,239,0.793158575290937,0.367127659574468,0.0828729281767956,35,0.0255412633536099,0
"T Viola","Boise Hawks",2024,445,1.06592733109587,0.456921348314607,0.296103896103896,55,0.0254942601034113,0
"T Davis","Oakland Ballers",2024,4,0.833333333333333,0.3945,0,45,0.0254113239421535,0
"E Diaz","Colorado Springs Sky Sox",2024,311,0.888229500123122,0.391529032258065,0.129770992366412,40,0.0254051540585797,0
"C Sargent","Ogden Raptors",2024,401,0.913470513659984,0.392546134663342,0.226256983240224,40,0.0254050544857401,0
"C Yuran","Yuba-Sutter Freebirds",2026,248,0.872626197045934,0.387918032786885,0.138613861386139,40,0.0254027250403874,0
"B Donovan","Billings Mustangs",2023,164,0.746242845966978,0.330963190184049,0.114093959731544,25,0.02539125533413,0
"B Williams","Glacier Range Riders",2022,26,0.786713286713287,0.361192307692308,0.0454545454545455,45,0.0252903137119198,0
"B Reyes","Colorado Springs Sky Sox",2023,7,0.761904761904762,0.352285714285714,0,40,0.0252885052116559,0
"T Wyatt","Idaho Falls Chukars",2023,304,0.881529666863789,0.382503289473684,0.220973782771536,45,0.0252819905198415,0
"J Ybarra","Oakland Ballers",2026,457,1.10655104411487,0.46962363238512,0.330864197530864,55,0.0252189328111685,0
"J Lee","Boise Hawks",2025,124,0.821525302922309,0.358934426229508,0.139130434782609,30,0.0251920489224862,0
"J Elvir","Grand Junction Jackalopes",2022,354,0.948272066916135,0.408954802259887,0.246753246753247,50,0.0251597288199949,0
"B Evans","Billings Mustangs",2023,113,0.787443693693694,0.34409009009009,0.125,35,0.0251350323650653,0
"B Held","Great Falls Voyagers",2023,6,1,0.444,0,45,0.0251256460095073,0
"E Sim","RedPocket Mobiles",2026,3,0.666666666666667,0.296,0,40,0.0251256460095073,0
"M Sox","Missoula PaddleHeads",2025,3,0.666666666666667,0.296,0,40,0.0251256460095073,0
"U Romo","RedPocket Mobiles",2026,3,0.666666666666667,0.296,0,40,0.0251256460095073,0
"A Meggs","Grand Junction Jackalopes",2023,223,0.76029883107089,0.338981900452489,0.0677083333333333,35,0.0251022917215334,0
"N Pacheco","Ogden Raptors",2021,108,0.698778565799842,0.322675925925926,0.0319148936170213,40,0.025089067847688,0
"D Aragon","Yuba-Sutter Freebirds",2026,235,0.844334433443344,0.374213675213675,0.158415841584158,35,0.0250890183473652,0
"C Lawrence","Ogden Raptors",2026,456,1.21443476532742,0.513094713656388,0.358395989974937,60,0.0250601302248756,0
"N Marcelo","Boise Hawks",2025,486,0.973048618178971,0.420831950207469,0.200471698113208,45,0.0250561634253539,0
"T Lozano","Oakland Ballers",2025,188,0.81580167537325,0.354780748663102,0.161849710982659,35,0.0250307011563665,0
"T Halsema","Rocky Mountain Vibes",2024,384,0.896962573746313,0.391044270833333,0.168141592920354,40,0.025011386717071,0
"P Mills","Billings Mustangs",2025,331,0.887578641891087,0.390613293051359,0.161290322580645,40,0.0250096235676331,0
"L Navarro","Missoula PaddleHeads",2024,105,1.01751152073733,0.442952380952381,0.193548387096774,50,0.0249847483312606,0
"C Middleton","Grand Junction Jackalopes",2022,176,0.894480519480519,0.3874375,0.214285714285714,45,0.0249779574313341,0
"J Cruce","Grand Junction Jackalopes",2023,437,1.06409096553315,0.458732265446224,0.242894056847545,55,0.0249728975899542,0
"C Thompson","Missoula PaddleHeads",2023,371,0.846182060118053,0.369118598382749,0.186708860759494,40,0.0249695585352384,0
"T Jeffries","Rocky Mountain Vibes",2023,42,0.943164362519201,0.434571428571429,0.0645161290322581,45,0.024942008986478,0
"T Clark","Oakland Ballers",2024,160,0.862771739130435,0.3852,0.144927536231884,35,0.0249382447152686,0
"A Figueredo","Yuba-Sutter Freebirds",2024,286,0.871406371406371,0.380933566433566,0.158119658119658,40,0.0249354303438405,0
"A Nielsen","Grand Junction Jackalopes",2023,45,0.773837209302326,0.341976744186046,0.125,40,0.0249077567453998,0
"A Swenda","Great Falls Voyagers",2025,291,0.922680412371134,0.401147766323024,0.188034188034188,45,0.0248830036225604,0
"C Kirtley","Glacier Range Riders",2023,267,1.01724817662133,0.435337078651685,0.285087719298246,55,0.024856346381993,0
"J McHenry","Billings Mustangs",2025,214,0.848011143785792,0.376300469483568,0.120879120879121,35,0.0248295727349235,0
"T Sandoval","Grand Junction Jackalopes",2021,58,0.680715197956577,0.303758620689655,0.111111111111111,40,0.0248083015915751,0
"L Helmig","Oakland Ballers",2025,314,0.88335549800518,0.390095541401274,0.146520146520146,40,0.024800954919147,0
"D Stroup","Idaho Falls Chukars",2022,436,1.03978704187859,0.44076376146789,0.256476683937824,55,0.0247897013270788,0
"R Jepson","Great Falls Voyagers",2023,385,0.954031638143788,0.419415584415584,0.115264797507788,50,0.0247880593361446,0
"M Bardowell","Long Beach Coast",2026,379,1.04051955985034,0.449007915567282,0.218649517684887,55,0.0247038440940396,0
"D Conners","Ogden Raptors",2023,402,0.815102791897314,0.360599496221662,0.11377245508982,35,0.0246584695572164,0
"C Bocchino","Great Falls Voyagers",2023,63,0.884444444444444,0.398301587301587,0.14,40,0.024620982919038,0
"B Riley","Missoula PaddleHeads",2022,368,0.938397331707978,0.40560597826087,0.214953271028037,55,0.024617023872311,0
"E Lopez","Rocky Mountain Vibes",2023,335,0.982421227197347,0.425238805970149,0.211805555555556,55,0.0246093423042347,0
"J Johnson","Grand Junction Jackalopes",2023,490,1.09087758857148,0.467114519427403,0.26491646778043,65,0.0245910998266278,0
"B Dansereau","Ogden Raptors",2022,391,0.979776310264534,0.423659846547315,0.211940298507463,50,0.0245875149525789,0
"T Jorgensen","Boise Hawks",2022,460,0.761086414398786,0.340545652173913,0.102244389027431,25,0.0245732747463882,0
"C Vaughan","Idaho Falls Chukars",2026,309,0.92439603106126,0.408582236842105,0.168032786885246,40,0.0245688844006669,0
"G Kueber","Rocky Mountain Vibes",2025,359,0.827892499240814,0.371629213483146,0.101351351351351,30,0.0245628575146776,0
"D Miller","Glacier Range Riders",2023,431,1.01843294277947,0.438807424593967,0.210526315789474,55,0.0245597125631186,0
"A Shaver","Billings Mustangs",2025,314,0.879828637815858,0.388584664536741,0.178030303030303,35,0.0245394355968305,0
"D Stone","Ogden Raptors",2025,382,0.996680839621532,0.437411609498681,0.136942675159236,50,0.0244850478313197,0
"A Nielsen","Grand Junction Jackalopes",2022,295,0.763883423834632,0.340814432989691,0.0725190839694657,30,0.024484105814974,0
"J Begora","Boise Hawks",2025,349,0.900333505566255,0.395060171919771,0.19016393442623,30,0.0244804558096829,0
"B Skinner","Yuba-Sutter Freebirds",2024,416,0.803469477382521,0.357314009661836,0.126721763085399,30,0.0244642009514678,0
"Q Jones","Great Falls Voyagers",2021,21,0.34047619047619,0.159714285714286,0,45,0.0244524682486152,0
"E Good","Ogden Raptors",2024,177,0.868501179873639,0.38048275862069,0.185430463576159,35,0.0244341097662372,0
"L Meyer","Boise Hawks",2026,372,0.958552526701738,0.420371273712737,0.147058823529412,45,0.0244228318774984,0
"E Yake","Rocky Mountain Vibes",2024,405,0.913664436438497,0.40507960199005,0.103448275862069,40,0.0243726479421409,0
"B O'Sullivan","Oakland Ballers",2026,226,0.756404243439419,0.337688888888889,0.100502512562814,25,0.0243558995294035,0
"B Watkins","Great Falls Voyagers",2025,121,1.01388888888889,0.439491666666667,0.191919191919192,45,0.0243008563886987,0
"B Roberts","Colorado Springs Sky Sox",2025,317,1.10846459072973,0.47181072555205,0.299651567944251,55,0.0242970121297203,0
"A Sanchez","Missoula PaddleHeads",2024,353,1.02304292929293,0.438221590909091,0.281045751633987,55,0.024292023008131,0
"A Swenda","Great Falls Voyagers",2026,407,0.917386255006834,0.405474201474201,0.180064308681672,45,0.0242612410826408,0
"C Dayton","Boise Hawks",2026,47,1.07669470559129,0.462893617021277,0.279069767441861,45,0.0242586133940516,0
"C Bufford","Oakland Ballers",2025,387,0.999642561937314,0.428847545219638,0.247838616714697,45,0.0242543759495209,0
"C Hanson","Billings Mustangs",2025,164,0.798773006134969,0.359110429447853,0.0928571428571429,35,0.024247727726154,0
"D Hubbard","Oakland Ballers",2024,396,0.92166532523597,0.399693670886076,0.216763005780347,45,0.0242189169757219,0
"O Serratos Jr.","Great Falls Voyagers",2024,243,0.86787508189561,0.378485477178423,0.148325358851675,30,0.0241960551753112,0
"D Williams","Grand Junction Jackalopes",2023,112,0.801714992927864,0.351339285714286,0.118811881188119,35,0.0241726201742352,0
"Z Roos","Yuba-Sutter Freebirds",2026,183,0.927386339151045,0.404159340659341,0.189542483660131,45,0.024163093486842,0
"R Major","Great Falls Voyagers",2024,383,0.901493686479828,0.390282722513089,0.176470588235294,35,0.0241410228673013,0
"T Stone","Ogden Raptors",2026,323,0.894714160968031,0.393068111455108,0.157509157509158,40,0.0241124977726674,0
"J Feliciano","Missoula PaddleHeads",2026,113,0.903163462516529,0.411566371681416,0.103448275862069,40,0.0241065775167638,0
"N Poss","Idaho Falls Chukars",2025,29,0.796101949025487,0.37251724137931,0.0434782608695652,40,0.0240401460681926,0
"C Dean","Missoula PaddleHeads",2026,82,1.05352303523035,0.444951219512195,0.277777777777778,50,0.0240362511207464,0
"N Michaels","Colorado Springs Sky Sox",2023,165,0.772996515679442,0.341762195121951,0.121428571428571,30,0.0240357428661026,0
"J Malec","Great Falls Voyagers",2021,152,0.598684210526316,0.286348684210526,0.0234375,35,0.024009032071908,0
"A Ray","Grand Junction Jackalopes",2023,250,0.844495877332562,0.371431451612903,0.130044843049327,35,0.0239886738215826,0
"E Sleight","Missoula PaddleHeads",2025,352,0.997941505216095,0.430644886363636,0.245901639344262,50,0.0239869450636607,0
"D Harris IV","Oakland Ballers",2025,413,0.847671844672799,0.370510895883777,0.163538873994638,30,0.0239693137653377,0
"C Estrada","Idaho Falls Chukars",2022,249,1.23600169910411,0.521534136546185,0.298076923076923,70,0.0239492763374311,0
"K Oyama","Boise Hawks",2023,309,0.743082716781904,0.333270358306189,0.0743494423791821,30,0.0239087446135441,0
"T Specht","Great Falls Voyagers",2025,419,0.835283701593656,0.363379474940334,0.161290322580645,30,0.0239021503698331,0
"U Cantu","Rocky Mountain Vibes",2022,386,0.954190433726419,0.414349740932643,0.192878338278932,55,0.0238804694431868,0
"J Duarte","Yuba-Sutter Freebirds",2026,315,0.889484243491877,0.39676282051282,0.114503816793893,40,0.0238792235955802,0
"C Hornung","Glacier Range Riders",2026,339,0.994595940999372,0.427436201780415,0.226277372262774,50,0.0238673519594929,0
"B McPherson","Billings Mustangs",2023,10,0.928571428571429,0.4044,0,45,0.0238400111319436,0
"P Mills","Billings Mustangs",2026,287,0.854042634914538,0.372937282229965,0.200787401574803,35,0.023836871558528,0
"T Wyatt","Idaho Falls Chukars",2024,431,0.966847272477299,0.420759906759907,0.219839142091153,50,0.0237897456526057,0
"A Bond","Billings Mustangs",2021,67,0.656454569258968,0.306641791044776,0.0526315789473684,40,0.0237841023437155,0
"M Ortega","Yuba-Sutter Freebirds",2026,107,1.06090517694004,0.458383177570093,0.191011235955056,45,0.023724387843184,0
"E Carrillo","Rocky Mountain Vibes",2021,31,0.360215053763441,0.165483870967742,0,40,0.0237066495822149,0
"C Monroe","Idaho Falls Chukars",2023,118,0.938580298707837,0.410559322033898,0.178217821782178,45,0.0236292001066316,0
"E Sanchez","Billings Mustangs",2023,132,0.764374514374514,0.341234848484848,0.094017094017094,35,0.0236147127531706,0
"C Chatham","Great Falls Voyagers",2024,61,0.732351957176313,0.342786885245902,0,35,0.0236031993899967,0
"J Mayo","Yuba-Sutter Freebirds",2026,95,0.721929824561404,0.318105263157895,0.19047619047619,30,0.0236009404206826,0
"N Blythe","Oakland Ballers",2026,380,0.957194020554344,0.411634210526316,0.233727810650888,45,0.0235945266087276,0
"M Rosario","Missoula PaddleHeads",2025,415,1.01421300173958,0.437236144578313,0.200534759358289,50,0.023573524109978,0
"K Higgins","Colorado Springs Sky Sox",2022,352,0.814738274439767,0.358974358974359,0.0835820895522388,25,0.0235669352954492,0
"P Shelton","Grand Junction Jackalopes",2025,158,0.804069119286511,0.360397435897436,0.101449275362319,35,0.0235664479935587,0
"A Mata","Long Beach Coast",2026,272,0.755377347770328,0.340921933085502,0.104803493449782,30,0.0235353480517794,0
"R Gil","Ogden Raptors",2024,253,1.01851273094954,0.433616600790514,0.32093023255814,50,0.0235279014104374,0
"J Kline","Billings Mustangs",2022,248,0.935538116591928,0.399233870967742,0.233183856502242,45,0.023525360913358,0
"B Crosby","Rocky Mountain Vibes",2023,334,0.875054239347392,0.38959880239521,0.144927536231884,40,0.0235205803824557,0
"H George","Colorado Springs Sky Sox",2024,410,0.986698894015967,0.425351219512195,0.234234234234234,60,0.0235096215365619,0
"R Paller","Idaho Falls Chukars",2023,126,0.930433365917237,0.411145161290323,0.202020202020202,50,0.0234580958890997,0
"G DiGiacomo","Missoula PaddleHeads",2023,140,0.849712890238268,0.38536690647482,0.091743119266055,40,0.0234314970972895,0
"L Beard","Glacier Range Riders",2026,356,0.888967136150235,0.391785915492958,0.18,35,0.0234297141102934,0
"A Mow","Billings Mustangs",2022,99,0.915945165945166,0.400949494949495,0.214285714285714,50,0.0234149579537788,0
"B Bishop","RedPocket Mobiles",2026,278,0.979148884282404,0.41944964028777,0.266949152542373,45,0.0234075755417319,0
"D Dixon","Yuba-Sutter Freebirds",2026,294,0.699672581326574,0.311677083333333,0.125475285171103,25,0.0234055096543601,0
"R Recio","Boise Hawks",2026,180,0.952584269662921,0.416831460674157,0.186666666666667,40,0.0234032487842403,0
"C Wilkerson","Missoula PaddleHeads",2025,440,0.858089822001264,0.380045662100457,0.12532637075718,35,0.0233898968524568,0
"D Conners","Boise Hawks",2025,38,0.73984962406015,0.332526315789474,0.0571428571428572,40,0.0233355736166008,0
"E Underwood","Boise Hawks",2026,387,0.99745108845412,0.4405,0.154605263157895,45,0.0232865347533599,0
"M Titialii","Colorado Springs Sky Sox",2025,15,0.851282051282051,0.388,0,40,0.0232847960197061,0
"D Leonard","Great Falls Voyagers",2025,20,0.821052631578947,0.36605,0.0526315789473684,40,0.0232561077161374,0
"J Hubbard","Grand Junction Jackalopes",2022,254,0.862931296678044,0.375933070866142,0.150214592274678,35,0.0231671493307198,0
"M Sykes","Rocky Mountain Vibes",2024,181,0.798352308889046,0.354307262569832,0.120253164556962,25,0.0231650966258101,0
"E Blum","Billings Mustangs",2024,142,0.918526206538661,0.401248226950355,0.227642276422764,40,0.0231309053136789,0
"C Green","Great Falls Voyagers",2024,134,0.83439367649894,0.365812030075188,0.094017094017094,30,0.023098460521428,0
"D Brutcher","Ogden Raptors",2024,152,1.08510186757216,0.468539473684211,0.241935483870968,60,0.023060768958735,0
"K Willman","Missoula PaddleHeads",2022,298,0.868321107122418,0.380644295302013,0.147286821705426,40,0.0230221598757788,1
"A Kirchner","Yuba-Sutter Freebirds",2026,250,1.15167857142857,0.485084,0.352678571428571,50,0.0230162746848936,0
"B Trammell","Glacier Range Riders",2022,48,1.05113636363636,0.454333333333333,0.227272727272727,50,0.023012330843802,0
"A Adams","Rocky Mountain Vibes",2025,150,0.835793776970248,0.378506756756757,0.092436974789916,35,0.0229893890413698,0
"C Castaneda","Grand Junction Jackalopes",2025,326,0.948420181968569,0.412107692307692,0.182795698924731,40,0.0229701005096568,0
"C Farmer","Grand Junction Jackalopes",2022,169,0.905625589572078,0.397828402366864,0.181159420289855,50,0.0229582040877464,0
"J Raper","Glacier Range Riders",2023,407,0.856618856618857,0.374280098280098,0.176638176638177,35,0.0229425516168818,0
"A Fritz","Great Falls Voyagers",2024,46,0.854718981972428,0.373282608695652,0.121951219512195,40,0.022918255180962,0
"J Malec","Great Falls Voyagers",2022,396,0.735971614158583,0.329070707070707,0.0963172804532578,20,0.0228948764601104,0
"D Miller","Glacier Range Riders",2022,354,0.914167753150804,0.393960451977401,0.230769230769231,50,0.0228782004112401,0
"M Herron Jr.","Rocky Mountain Vibes",2023,352,0.83749668288368,0.364905714285714,0.18266253869969,30,0.0228526865086974,0
"D Murillo","Boise Hawks",2026,120,0.833384262796028,0.366100840336134,0.145454545454545,30,0.022824777678327,0
"C Gordon","Missoula PaddleHeads",2025,431,0.903666930225926,0.397489559164733,0.17877094972067,45,0.0228010195918882,0
"J Broughton","Ogden Raptors",2023,103,0.879841319553189,0.385029126213592,0.0860215053763441,40,0.0227742465452401,0
"H Hisky","Idaho Falls Chukars",2022,450,0.872359679266896,0.380353333333333,0.157216494845361,50,0.0227549419857752,0
"B Lada","Yuba-Sutter Freebirds",2024,388,0.959109777898979,0.410813471502591,0.245614035087719,40,0.022721158387781,0
"K Stancato","Ogden Raptors",2026,166,1.04499631177772,0.458831325301205,0.122448979591837,45,0.0227081372339837,0
"S Cullen","Idaho Falls Chukars",2023,206,0.81090860359153,0.359,0.159340659340659,35,0.0226809651654333,0
"A Guadalupe","Colorado Springs Sky Sox",2022,154,1.12428513071895,0.481091503267974,0.2421875,60,0.0226560636091858,0
"B Choi","Modesto Roadsters",2026,125,0.926,0.401568,0.22,45,0.0226549098398464,0
"C Lopez","Rocky Mountain Vibes",2022,278,0.864813494891898,0.380829710144928,0.118852459016393,45,0.0226517918094027,0
"J Cruce","Grand Junction Jackalopes",2022,412,0.926600880683326,0.401898058252427,0.218579234972678,50,0.0226515732409728,0
"J Schulefand","Boise Hawks",2022,47,0.770108977685521,0.35068085106383,0.048780487804878,40,0.0226445617852948,0
"J Gates","Oakland Ballers",2024,79,0.946488294314381,0.413897435897436,0.202898550724638,45,0.0226117638861008,0
"J Daly","Glacier Range Riders",2024,85,0.95874067937034,0.414388235294118,0.211267605633803,45,0.0225613846149454,0
"K Stone","Billings Mustangs",2021,11,0.663636363636364,0.304909090909091,0,45,0.0225554065458333,0
"J Sebring","Modesto Roadsters",2026,37,0.681267474370923,0.327540540540541,0.0344827586206896,35,0.0225522777460204,0
"J Gutierrez","Billings Mustangs",2026,311,0.992705623032961,0.427929260450161,0.162544169611307,45,0.0225240290887477,0
"N Klemp","Boise Hawks",2024,294,0.812324929971989,0.360465986394558,0.137254901960784,35,0.0224925476337971,0
"G Howell","Glacier Range Riders",2024,307,0.882159370683961,0.382704918032787,0.179487179487179,35,0.0224901121284611,0
"B Brown","Idaho Falls Chukars",2023,274,0.958534798534798,0.424380952380952,0.142222222222222,45,0.0224891725708317,0
"M Dinesen","Glacier Range Riders",2024,165,1.08155127081507,0.46661963190184,0.25,55,0.0224812448479023,0
"N Marcelo","Glacier Range Riders",2022,26,0.761538461538461,0.366615384615385,0,40,0.0224739545955728,0
"T McCaffrey","Idaho Falls Chukars",2025,240,0.917343900869006,0.395589958158996,0.192307692307692,40,0.0224680347811997,0
"M O'Connor","Missoula PaddleHeads",2022,301,0.892201433817101,0.385847176079734,0.240601503759398,45,0.0224584860618031,0
"E Ott","Great Falls Voyagers",2026,423,1.01471714447441,0.435132387706856,0.267605633802817,50,0.0224565519186414,0
"E Manzo","RedPocket Mobiles",2026,286,0.82862273794723,0.364357894736842,0.149606299212598,25,0.0224455151425123,0
"T McKenzie","RedPocket Mobiles",2026,363,0.90875121892286,0.394127423822715,0.21183800623053,35,0.0224038960384335,0
"C Bufford","Oakland Ballers",2026,213,0.827110813026306,0.361976525821596,0.174603174603175,30,0.0223416505716694,0
"R Gonzalez","Idaho Falls Chukars",2024,151,1.10274934778246,0.471701986754967,0.143939393939394,50,0.022334967672714,0
"J Shanks","Idaho Falls Chukars",2024,196,0.869515306122449,0.387326530612245,0.1625,35,0.0223275559614259,0
"P Myro IV","Boise Hawks",2025,402,0.913493190101669,0.403478802992519,0.12,40,0.0223186770506137,0
"M Wong","Grand Junction Jackalopes",2023,248,0.874661246612466,0.385252032520325,0.148148148148148,40,0.0223183755331339,0
"D Stengren","Idaho Falls Chukars",2026,228,1.01748419346739,0.447057268722467,0.124352331606218,50,0.0223030286420533,0
"G Lora","Billings Mustangs",2024,176,0.875991581673952,0.39117816091954,0.147887323943662,40,0.022260052610638,0
"M Weaver","RedPocket Mobiles",2026,106,0.684997699033594,0.317367924528302,0.109756097560976,35,0.0222539268070687,0
"D Kolbush","Great Falls Voyagers",2022,306,0.814192343604108,0.36040522875817,0.120300751879699,30,0.0222444428209553,0
"N Scantlin","Grand Junction Jackalopes",2022,131,0.876376410187124,0.392709923664122,0.0796460176991151,45,0.0222324314493606,0
"L Barry","Missoula PaddleHeads",2026,47,0.524636058230683,0.264382978723404,0,35,0.0222299332702024,0
"T Budnick","Ogden Raptors",2021,28,0.529761904761905,0.257142857142857,0,45,0.0221601469254595,0
"S Rich","Idaho Falls Chukars",2026,78,0.698266522210184,0.31498717948718,0.0704225352112676,30,0.0221477865693022,0
"B Marine","Yuba-Sutter Freebirds",2024,381,0.975894112134937,0.426063157894737,0.148367952522255,45,0.0221350143810803,0
"Z Denton","Colorado Springs Sky Sox",2025,228,0.97237775289287,0.422745614035088,0.223404255319149,45,0.0221281973550514,0
"D Rivera","Grand Junction Jackalopes",2024,245,0.897520661157025,0.392694214876033,0.181818181818182,35,0.0220751156873839,0
"J Akins","Missoula PaddleHeads",2022,226,0.891267238668523,0.389942477876106,0.187817258883249,45,0.022033888487491,0
"E McCabe","Glacier Range Riders",2022,321,0.822406914893617,0.364903125,0.0957446808510639,35,0.0219546684500557,0
"A Davis","Rocky Mountain Vibes",2024,429,0.917840375586854,0.402260563380282,0.172131147540984,45,0.0219100190919708,0
"B Carson","Oakland Ballers",2024,413,0.931761442441054,0.407444174757282,0.197142857142857,45,0.0218871430254263,0
"A Noviello","Missoula PaddleHeads",2022,193,0.830071003646133,0.369979274611399,0.123456790123457,45,0.0218654062345351,0
"B O'Saben","Glacier Range Riders",2024,15,0.928205128205128,0.415666666666667,0.0769230769230769,40,0.0218254124125941,0
"X Washington","Great Falls Voyagers",2023,303,0.913150105708245,0.398501661129568,0.112727272727273,35,0.0217091256020541,0
"C Thompson","Missoula PaddleHeads",2022,427,0.88944262295082,0.388014051522248,0.176,45,0.0217004580816098,0
"R Pena","Missoula PaddleHeads",2024,450,0.995917806493722,0.42904008908686,0.259640102827764,50,0.0216832090818939,0
"C Bowen","Billings Mustangs",2026,497,0.980114632750632,0.420957746478873,0.238532110091743,45,0.0215954925057461,0
"X Washington","Great Falls Voyagers",2024,438,1.03597694538602,0.446757437070938,0.211229946524064,55,0.0215886518069979,0
"J Lee","Missoula PaddleHeads",2024,50,0.902727272727273,0.39042,0.204545454545455,40,0.0215661654055154,0
"A Herron Jr.","Rocky Mountain Vibes",2023,268,0.884884090187361,0.38680223880597,0.165957446808511,40,0.0215361416868765,0
"K Greenwalt","Missoula PaddleHeads",2022,393,0.836060286183439,0.363408163265306,0.166666666666667,40,0.0214667154894757,0
"T DeBonville","Missoula PaddleHeads",2023,256,0.903668186695279,0.38932421875,0.218884120171674,40,0.0214272775491251,0
"T Halsema","Idaho Falls Chukars",2023,405,0.857971014492754,0.377350617283951,0.147826086956522,40,0.0214262241089885,0
"C De Guzman","Great Falls Voyagers",2023,66,1.01027221366204,0.440984848484848,0.0847457627118645,45,0.0214090426413012,1
"P Depasquale","Boise Hawks",2026,151,0.748139880952381,0.336496598639456,0.0546875,25,0.0214053763150572,0
"C Castaneda","Yuba-Sutter Freebirds",2026,323,0.814753848166398,0.360671826625387,0.144366197183099,30,0.021381120018531,0
"R Gil","Boise Hawks",2022,373,0.882248122919417,0.37955764075067,0.232628398791541,40,0.0213738239993883,0
"L Williams","Ogden Raptors",2023,360,0.956772575250836,0.416575,0.217391304347826,50,0.0213678250516803,0
"C Bowen","Billings Mustangs",2025,423,0.873855415132998,0.380451306413302,0.152671755725191,30,0.0213475046585756,0
"B Pelle","Ogden Raptors",2025,55,0.958181818181818,0.418927272727273,0.18,40,0.0212802164374873,0
"S Rivas","Rocky Mountain Vibes",2024,443,1.06378651409159,0.451399548532731,0.331683168316832,55,0.0212754339615316,0
"G Ostrander","Idaho Falls Chukars",2026,378,1.02995280581487,0.452933687002653,0.12987012987013,55,0.0212709030784191,0
"D Andiarena","Missoula PaddleHeads",2026,121,1.1591477746607,0.497603305785124,0.275229357798165,50,0.0212678131032071,0
"K Willman","Missoula PaddleHeads",2023,89,1.13438202247191,0.482898876404494,0.213333333333333,55,0.0212179311534631,1
"B Carson","Rocky Mountain Vibes",2023,91,1.0800963081862,0.462876404494382,0.2,55,0.0211972864544297,0
"C Lane","Ogden Raptors",2025,447,0.904622386573745,0.39627191011236,0.139240506329114,35,0.0211546954696678,0
"J Allgeyer","Oakland Ballers",2025,169,0.860338818189187,0.380940828402367,0.13013698630137,40,0.0211446445450219,0
"S Linscott","Glacier Range Riders",2022,224,0.855972607489598,0.372236607142857,0.160194174757282,40,0.0211394745765063,0
"J Reyes","Idaho Falls Chukars",2022,308,0.931337659619008,0.406071895424837,0.156583629893238,50,0.0211338975234871,0
"B Cermenelli","Missoula PaddleHeads",2026,298,1.0418212922753,0.447489932885906,0.219607843137255,55,0.0211201329317657,0
"P Howard","Ogden Raptors",2024,426,0.8751429003478,0.384308235294118,0.110539845758355,30,0.0210654317161703,0
"S Gutierrez","Missoula PaddleHeads",2026,222,0.853471118177,0.377198198198198,0.203208556149733,35,0.0210238152973894,0
"D Smiley","Idaho Falls Chukars",2026,159,0.928555268992353,0.408641509433962,0.100719424460432,35,0.0209847865037737,0
"C Perez","Missoula PaddleHeads",2024,101,0.940031503150315,0.409326732673267,0.204545454545455,40,0.0209658206094919,0
"B Perez","Rocky Mountain Vibes",2022,210,0.67407680039259,0.29978947368421,0.0615384615384615,20,0.0209487999267527,0
"J Winters","Oakland Ballers",2026,62,1.04466501240695,0.453435483870968,0.211538461538462,50,0.0209346305925866,0
"M Edie","Billings Mustangs",2023,283,0.850640603055404,0.373748201438849,0.135458167330677,30,0.0208830189410045,0
"K Jenkins","Idaho Falls Chukars",2024,67,0.775053304904051,0.355746268656716,0.0535714285714286,35,0.0208712039021456,0
"B Blackford","Yuba-Sutter Freebirds",2024,343,0.975604692203882,0.418831360946746,0.235087719298246,50,0.020834633975717,0
"E Smith","Grand Junction Jackalopes",2023,133,0.947838345864662,0.415165413533835,0.205357142857143,40,0.0207895689156289,0
"G Horvat","RedPocket Mobiles",2026,307,0.840651465798046,0.373195439739414,0.105454545454545,30,0.0207857430767044,0
"A Garcia","Rocky Mountain Vibes",2022,72,0.83826164874552,0.3675,0.0967741935483871,40,0.0207781701315184,0
"J McLaughlin","Glacier Range Riders",2026,238,0.79135593220339,0.353076271186441,0.13,30,0.0207619556138638,0
"D Connors","Ogden Raptors",2022,379,0.85626102292769,0.377314814814815,0.145061728395062,45,0.0207565826737589,0
"J Faile","Billings Mustangs",2023,227,1.17529094615031,0.492352422907489,0.407960199004975,55,0.0207308192109471,1
"A Mata","Idaho Falls Chukars",2025,309,0.892857142857143,0.387756493506493,0.153571428571429,35,0.0206745893418728,0
"A Barranca","Great Falls Voyagers",2026,186,0.851027630325303,0.37560752688172,0.208860759493671,35,0.0206650962035111,0
"G Morgan","Idaho Falls Chukars",2024,140,0.898412698412698,0.395692857142857,0.134920634920635,40,0.0206419985717462,0
"T Wyatt","Idaho Falls Chukars",2025,382,0.978163901235349,0.42284554973822,0.226586102719033,50,0.0205986787006921,0
"J Elvir","Missoula PaddleHeads",2023,119,0.952650290885585,0.412941176470588,0.25,45,0.0205384087158332,0
"C Hext","Yuba-Sutter Freebirds",2026,206,0.984833525314026,0.418796116504854,0.248587570621469,45,0.0205169372717631,0
"H Hall","Great Falls Voyagers",2024,271,0.88951148770747,0.389070110701107,0.181069958847737,35,0.0204967199595963,0
"G Miller","Rocky Mountain Vibes",2024,71,0.953846153846154,0.415842857142857,0.2,40,0.0204591647613765,0
"J Begora","Boise Hawks",2026,290,0.911764705882353,0.40318118466899,0.163865546218487,35,0.0204552442861678,0
"T Bouchard","Colorado Springs Sky Sox",2023,316,0.894491326769808,0.391924050632911,0.185185185185185,40,0.0204318730911134,0
"L Williams","Ogden Raptors",2022,81,0.97791688402017,0.42816049382716,0.126760563380282,45,0.0204213131653678,0
"K Jimenez","Colorado Springs Sky Sox",2024,392,0.84661135850668,0.372778350515464,0.124260355029586,30,0.0204102620462402,0
"J Fitzpatrick","Grand Junction Jackalopes",2022,177,0.941477272727273,0.408852272727273,0.2,45,0.0204025915412117,0
"E Peralta","Rocky Mountain Vibes",2023,355,0.856331918906176,0.375214285714286,0.141914191419142,30,0.0203833516334079,0
"E Corona","Great Falls Voyagers",2025,302,0.908630332529895,0.389711920529801,0.215547703180212,35,0.0203402978503208,0
"B Hueth","Idaho Falls Chukars",2022,291,0.840571474957383,0.368903780068729,0.12992125984252,45,0.0203188330814494,0
"S Wilmer","Oakland Ballers",2024,357,0.906206896551724,0.3989,0.175862068965517,40,0.0203098562779307,0
"K Whatley","Missoula PaddleHeads",2022,149,0.813944444444444,0.362034722222222,0.136,35,0.0203052731731642,0
"K Johnson","Idaho Falls Chukars",2024,118,0.870205173951829,0.395101694915254,0.105263157894737,40,0.0202679623395594,0
"J Raper","Billings Mustangs",2022,381,0.902531259052794,0.390427440633245,0.219584569732938,45,0.0202229100872134,0
"G Wurtz","Billings Mustangs",2022,394,0.926324444126689,0.397162436548223,0.259154929577465,45,0.0201754222006431,0
"D Poteet","Boise Hawks",2024,161,0.776045108145016,0.345596273291925,0.0921985815602837,30,0.0201627723195077,0
"K Clark","Rocky Mountain Vibes",2025,289,1.09820329805562,0.468650519031142,0.251046025104602,60,0.0201392405005875,0
"A Kaufman","Billings Mustangs",2021,30,0.342857142857143,0.1644,0,40,0.0200992382595111,0
"M Backstrom","Great Falls Voyagers",2024,202,1.13195726352296,0.477292079207921,0.355932203389831,55,0.0200308801545935,0
"J Johnson","Grand Junction Jackalopes",2022,274,0.888613138686131,0.384102189781022,0.2,40,0.0200146272789591,0
"B Crosby","Colorado Springs Sky Sox",2022,331,0.896287572328332,0.390078549848943,0.216949152542373,40,0.0199668660600408,0
"S Barmakian","Idaho Falls Chukars",2022,448,0.87797619047619,0.388946428571429,0.130208333333333,45,0.0198781152011499,0
"A Shumaker","Grand Junction Jackalopes",2023,97,0.942038640906063,0.421831578947368,0.10126582278481,40,0.0198266104585364,0
"N Ultsch","Ogden Raptors",2023,388,0.98299570196267,0.427994845360825,0.169096209912536,45,0.019765350716732,0
"C Dunn","Glacier Range Riders",2022,178,0.874315443592552,0.382767045454545,0.13855421686747,40,0.0197056899157875,0
"J Steele","Glacier Range Riders",2026,259,0.943397671568627,0.408828125,0.186274509803922,45,0.0196381441987214,0
"A Hanson","Rocky Mountain Vibes",2022,221,0.810867558837102,0.355022727272727,0.157360406091371,35,0.0196181978152029,0
"J Lara","Rocky Mountain Vibes",2022,49,0.912394225983076,0.402857142857143,0.0975609756097561,40,0.0195288516863129,0
"R Phillips","Idaho Falls Chukars",2022,78,0.750377073906486,0.342269230769231,0.0441176470588235,35,0.0194789327709994,0
"D Maynard","Grand Junction Jackalopes",2025,135,0.862686567164179,0.394985074626866,0.0761904761904762,35,0.0193794010798516,0
"C Corliss","Idaho Falls Chukars",2024,61,0.752941176470588,0.345183333333333,0.0588235294117647,35,0.0192359207648613,0
"D Poteet","Boise Hawks",2023,292,1.00123287671233,0.429051369863014,0.244,55,0.0191733895067168,0
"M Annone","Rocky Mountain Vibes",2022,252,0.831347337921043,0.368342629482072,0.127272727272727,40,0.0191624225309733,0
"C Valentine","Ogden Raptors",2026,514,1.11502082146925,0.474087890625,0.271070615034169,60,0.0191623787388006,0
"C Horner","Ogden Raptors",2023,209,0.742265886287625,0.329384615384615,0.108695652173913,30,0.0190882130776814,1
"K Liniak","Glacier Range Riders",2024,115,1.15057675244011,0.481608695652174,0.377551020408163,55,0.0190792752762164,0
"D Hernandez","Rocky Mountain Vibes",2022,273,0.885821495577593,0.384553113553114,0.199186991869919,40,0.0190377493595413,0
"K Frett","RedPocket Mobiles",2026,250,0.998604651162791,0.4242,0.325581395348837,45,0.0190298239294574,0
"T Bouchard","Colorado Springs Sky Sox",2022,292,1.06481530835243,0.456284246575342,0.260700389105058,60,0.0190287906154239,0
"T Dooley","Rocky Mountain Vibes",2025,204,0.876177251871529,0.394589108910891,0.0792682926829268,40,0.0190214937383043,0
"J Teixeira","Ogden Raptors",2023,390,0.942271062271062,0.408197435897436,0.185714285714286,45,0.0190179234853671,0
"A Redahan","Great Falls Voyagers",2026,124,1.23379477038014,0.525609756097561,0.27027027027027,55,0.019000648258011,0
"M Thomas","Great Falls Voyagers",2021,15,0.342857142857143,0.1644,0,45,0.0188929974597386,0
"J Fry","Great Falls Voyagers",2022,76,0.84984984984985,0.375513513513514,0.126984126984127,45,0.0188437936498241,0
"C Mize","Rocky Mountain Vibes",2024,72,1.099709367315,0.474492957746479,0.238095238095238,50,0.0188135862148125,0
"R Yeargain","Missoula PaddleHeads",2023,54,0.831851851851852,0.363981481481482,0.18,40,0.0187941905177588,0
"A Don","Idaho Falls Chukars",2022,76,0.841342486651411,0.376657894736842,0.0579710144927536,40,0.0187852338890106,0
"S Troyer","Idaho Falls Chukars",2023,263,0.766910792391415,0.347413793103448,0.075221238938053,25,0.018746533242311,0
"B Rosengard","Idaho Falls Chukars",2024,123,0.843213604577241,0.379867768595041,0.0769230769230769,30,0.0186807345497809,0
"H Yanez","Great Falls Voyagers",2024,170,0.868197278911565,0.38114880952381,0.142857142857143,35,0.0186783356660462,0
"T DeBonville","Idaho Falls Chukars",2022,128,0.904411764705882,0.3908515625,0.19327731092437,40,0.0186504762934005,0
"I Nunez","Yuba-Sutter Freebirds",2026,173,0.813127471858838,0.357566473988439,0.190789473684211,30,0.0185908322512271,0
"B Bohning","Ogden Raptors",2022,84,0.820125572713389,0.369048192771084,0.126760563380282,40,0.0185432912765609,0
"W Rogers","Great Falls Voyagers",2026,123,0.923375782430391,0.395512195121951,0.230088495575221,40,0.018471406364314,0
"B Demco","Great Falls Voyagers",2022,2,1,0.444,0,45,0.0184508167334485,0
"B Mayer","Oakland Ballers",2026,2,1,0.444,0,40,0.0184508167334485,0
"Q Jones","Great Falls Voyagers",2022,2,1,0.444,0,45,0.0184508167334485,0
"B Fitzgerald","Glacier Range Riders",2023,307,0.933346297826827,0.401276872964169,0.246268656716418,45,0.018308317168815,0
"A Chouinard","Rocky Mountain Vibes",2025,220,0.97000962000962,0.421490909090909,0.158730158730159,45,0.0182768544134613,0
"D Popham","Colorado Springs Sky Sox",2022,93,0.857356744249353,0.37310752688172,0.189873417721519,40,0.0181959703166307,0
"C Monroe","Great Falls Voyagers",2022,181,0.749137786706847,0.32878453038674,0.121212121212121,30,0.0179667362176925,0
"D Ratfield","Glacier Range Riders",2025,64,0.923713235294118,0.41353125,0.156862745098039,40,0.0179493533107608,0
"J Bermudez","Idaho Falls Chukars",2022,60,0.678787878787879,0.30195,0.0545454545454546,35,0.0178958160690588,0
"D Hubbard","Missoula PaddleHeads",2023,317,1.07847200324339,0.464670886075949,0.227758007117438,55,0.0177946967301434,0
"D Binder","Rocky Mountain Vibes",2022,79,0.821224206693255,0.35553164556962,0.178082191780822,40,0.0177724999827385,0
"R Grabosch","Boise Hawks",2025,56,0.866946778711485,0.37425,0.196078431372549,40,0.0176811574541406,0
"D Henderson","Ogden Raptors",2023,113,1.1465194781498,0.492026548672566,0.257731958762887,55,0.0175769158860509,0
"J Gonzalez Perez","Idaho Falls Chukars",2026,17,0.694117647058824,0.283705882352941,0.0666666666666667,40,0.0175277475087724,0
"B Huber","Glacier Range Riders",2023,66,0.860606060606061,0.38580303030303,0.127272727272727,40,0.0174660623990816,0
"C Murray","Glacier Range Riders",2026,68,0.656454569258968,0.306641791044776,0.0526315789473684,30,0.0173765727067904,0
"J Hjelle","Boise Hawks",2025,428,1.01535888799279,0.433315420560748,0.296954314720812,45,0.0173659108097376,0
"T Krabbe","Great Falls Voyagers",2022,61,0.844262295081967,0.36116393442623,0.203703703703704,40,0.0173625264557111,0
"N Gatewood","Missoula PaddleHeads",2022,436,0.910208983085574,0.390834862385321,0.203473945409429,45,0.0172385151746437,0
"T Lewis","Ogden Raptors",2022,289,0.814117846210272,0.358282229965157,0.149797570850202,30,0.0171077378718538,0
"S Ullian","Ogden Raptors",2022,233,0.991668770512497,0.424763948497854,0.254901960784314,55,0.0170596186880002,0
"J Esparza","Rocky Mountain Vibes",2022,59,0.756773399014778,0.330396551724138,0.160714285714286,35,0.0168271869218977,0
"H Himrich","Rocky Mountain Vibes",2025,119,0.814048239895698,0.359033898305085,0.115384615384615,30,0.0167682261424732,0
"S Thompson","Rocky Mountain Vibes",2024,21,0.817460317460317,0.37052380952381,0.0555555555555556,40,0.0166267747596219,0
"T Fontenot","Ogden Raptors",2025,426,0.906698564593301,0.396265550239234,0.159459459459459,35,0.0164917706979627,0
"C Castillo","Glacier Range Riders",2024,376,0.987274707862943,0.425163101604278,0.212962962962963,50,0.0164596140148794,0
"C Sorg","Billings Mustangs",2025,90,0.78130081300813,0.346233333333333,0.109756097560976,35,0.0164531539854076,0
"M O'Hara","Oakland Ballers",2025,121,0.824793388429752,0.36496694214876,0.1,30,0.0164142628165119,0
"N Marcelo","Boise Hawks",2023,109,0.724537037037037,0.328166666666667,0.0625,30,0.0163899367807776,0
"W Fuenning","Ogden Raptors",2024,17,1.01176470588235,0.436235294117647,0.266666666666667,45,0.0162535918284283,0
"E Diaz","Colorado Springs Sky Sox",2023,323,0.845731667713092,0.375811145510836,0.101398601398601,35,0.0162361059948426,0
"L Fisher","Grand Junction Jackalopes",2023,72,0.927238805970149,0.402152777777778,0.223880597014925,45,0.0161739915093774,0
"R Clayton, Jr.","RedPocket Mobiles",2026,104,0.515957446808511,0.235317307692308,0.0957446808510638,25,0.0160793919450112,0
"R Morgan","RedPocket Mobiles",2026,63,0.688492063492063,0.312412698412698,0.0714285714285715,35,0.0160308939979317,0
"M Dinesen","Glacier Range Riders",2023,335,0.819316090283832,0.355606606606607,0.158064516129032,25,0.0159830616701771,0
"K Elefante","Ogden Raptors",2022,32,0.74537037037037,0.3321875,0.0740740740740741,40,0.0159660310072752,0
"R Orsak","Glacier Range Riders",2024,59,0.840741925167893,0.373542372881356,0.0943396226415095,40,0.0153333774098367,0
"J Urena","Idaho Falls Chukars",2023,5,0.8,0.3552,0,40,0.0153165561643136,0
"E Americaan","Rocky Mountain Vibes",2023,96,0.933412447257384,0.409427083333333,0.189873417721519,45,0.0152500393528501,0
"M Piatnik","Billings Mustangs",2022,88,0.895933014354067,0.391409090909091,0.157894736842105,45,0.0151045903696729,0
"S Lynch","Billings Mustangs",2025,41,0.955555555555556,0.4152,0.222222222222222,40,0.0150250453278247,0
"N Michaels","Rocky Mountain Vibes",2022,189,0.878028404344194,0.383301587301587,0.175438596491228,40,0.0147668210728031,0
"M Jackson","Colorado Springs Sky Sox",2025,36,0.944444444444444,0.427305555555555,0.111111111111111,45,0.0146905459280066,0
"A Kern","Great Falls Voyagers",2021,30,0.451851851851852,0.217,0,40,0.014459093651929,0
"C Calnon","Billings Mustangs",2026,18,0.911111111111111,0.407777777777778,0.133333333333333,40,0.0144463950909803,0
"K O'Brien","Glacier Range Riders",2023,13,0.961538461538462,0.426538461538462,0.0833333333333333,40,0.0142554793831611,0
"C Dunn Jr.","Rocky Mountain Vibes",2023,187,0.910045836516425,0.390433155080214,0.208333333333333,40,0.0139008696469225,0
"A Rivero","Ogden Raptors",2022,39,0.792792792792793,0.347230769230769,0.162162162162162,40,0.0138938437527226,0
"C Robinson","Idaho Falls Chukars",2026,53,1.04947589098532,0.457037735849057,0.2,45,0.013789810139651,0
"A MacKenzie","Great Falls Voyagers",2025,3,0.666666666666667,0.296,0,40,0.0135246091318943,0
"F Loera","Great Falls Voyagers",2022,47,0.832826747720365,0.371191489361702,0.0952380952380952,40,0.0134404013120587,0
"A Sequera","Boise Hawks",2022,225,0.94380146644106,0.412546666666667,0.157360406091371,55,0.0132361386186898,0
"C Magee","Glacier Range Riders",2026,7,0.928571428571429,0.411571428571429,0.166666666666667,40,0.0132324800932792,0
"A Rios","Rocky Mountain Vibes",2023,17,1.58455882352941,0.679352941176471,0.3125,45,0.0130421830542198,0
"S Troyer","Idaho Falls Chukars",2022,128,0.955357142857143,0.419265625,0.160714285714286,45,0.0123553631474501,0
"J Nicol","Great Falls Voyagers",2024,51,1.18761140819964,0.484039215686275,0.454545454545455,50,0.0120397134820597,0
"B Trammell","Colorado Springs Sky Sox",2024,18,1.09401709401709,0.480888888888889,0.153846153846154,45,0.011995883176683,0
"G Buhner","Ogden Raptors",2022,30,1.06,0.4642,0.16,50,0.0105139517310623,0
"H Hudson","Idaho Falls Chukars",2022,30,1.24444444444444,0.526533333333333,0.37037037037037,50,0.0102672340143662,0
"C LeBron","Boise Hawks",2022,48,0.905038759689922,0.393395833333333,0.116279069767442,40,0.0100382589657719,0
"B Capps","Glacier Range Riders",2026,25,1.24190476190476,0.51968,0.380952380952381,50,0.00968550363440284,0
"T Best","Oakland Ballers",2024,23,0.934782608695652,0.410217391304348,0.15,45,0.00963259551037488,0
"G Young","Colorado Springs Sky Sox",2022,11,0.763636363636364,0.339727272727273,0.1,45,0.0093554481781069,0
"K Hvidsten","Billings Mustangs",2026,15,1.05,0.4514,0.25,45,0.00598620356554202,0
"T Collins","Missoula PaddleHeads",2026,8,1.16666666666667,0.49025,0.333333333333333,45,0.00462175663308135,0
"V Rodriguez","Idaho Falls Chukars",2023,4,1.25,0.53975,0.25,45,0.00302563556741369,0
"J Smith","Grand Junction Jackalopes",2023,5,1,0.4318,0.2,45,0.00169276176131191,0
"D Landis","Colorado Springs Sky Sox",2024,1,3,1.271,1,45,7.45820011540256e-07,0
