player_name,full_name,team,photo_url
L Burkett,Langston Burkett,Oakland Ballers,https://www.oaklandballers.com/sports/bsb/2026/bios/langston-burkett-20260513-headshot-4x5-IMG_4481-cut-out_ad_hoc.jpg?max_height=576&max_width=576&crop=1
T Cobb,Tremayne Cobb,Oakland Ballers,https://www.oaklandballers.com/sports/bsb/2026/bios/tremayne-cobb-jr-20260513-headshot-4x5-IMG_4207-cut-out_ad_hoc.jpg?max_height=576&max_width=576&crop=1
J Villar,Jake Villar,Oakland Ballers,https://www.oaklandballers.com/sports/bsb/2026/bios/Villar_ad_hoc.jpg?max_height=576&max_width=576&crop=1
M Riley,Michael Riley,Oakland Ballers,https://www.oaklandballers.com/sports/bsb/2025p/bios/Riley_ad_hoc.jpg?max_height=576&max_width=576&crop=1
D Jimerson,Demias Jimerson,Oakland Ballers,https://www.oaklandballers.com/images/setup/default-headshot.png?max_height=576&max_width=576&crop=1
B O'Sullivan,Brendan O'Sullivan,Oakland Ballers,https://www.oaklandballers.com/sports/bsb/2026/bios/O-Sullivan_ad_hoc.jpg?max_height=576&max_width=576&crop=1
E Santos,Esai Santos,Oakland Ballers,https://www.oaklandballers.com/sports/bsb/2026/bios/esai-santos-20260513-headshot-4x5-IMG_4419-cut-out_ad_hoc.jpg?max_height=576&max_width=576&crop=1
R Butz,Reed Butz,Oakland Ballers,https://www.oaklandballers.com/images/setup/default-headshot.png?max_height=576&max_width=576&crop=1
J Allgeyer,Jake Allgeyer,Oakland Ballers,https://www.oaklandballers.com/sports/bsb/2026/bios/jake-allgeyer-20260513-headshot-4x5-IMG_4211-cut-out_ad_hoc.jpg?max_height=576&max_width=576&crop=1
J Ybarra,Jeter Ybarra,Oakland Ballers,https://www.oaklandballers.com/sports/bsb/2026/bios/jeter-ybarra-20260513-headshot-4x5-IMG_4250-cut-out_ad_hoc.jpg?max_height=576&max_width=576&crop=1
B Chavez,Brady Chavez,Oakland Ballers,https://www.oaklandballers.com/sports/bsb/2026/bios/Chavez_ad_hoc.jpg?max_height=576&max_width=576&crop=1
J Collura,Jaden Collura,Oakland Ballers,https://www.oaklandballers.com/sports/bsb/2026/bios/jaden-collura-20260513-headshot-4x5-IMG_4344-cut-out_ad_hoc.jpg?max_height=576&max_width=576&crop=1
M Beale,Myles Beale,Oakland Ballers,https://www.oaklandballers.com/sports/bsb/2026/bios/beale_ad_hoc.jpg?max_height=576&max_width=576&crop=1
J Petersheim,Jacob Petersheim,Oakland Ballers,https://www.oaklandballers.com/sports/bsb/2026/bios/petersheim_ad_hoc.jpg?max_height=576&max_width=576&crop=1
C Bufford,Cam Bufford,Oakland Ballers,https://www.oaklandballers.com/sports/bsb/2026/photos/cbufford_player_ad_hoc.jpg?max_height=576&max_width=576&crop=1
C Hurley,Charlie Hurley,Oakland Ballers,https://www.oaklandballers.com/sports/bsb/2026/bios/charlie-hurley-20260513-headshot-4x5-IMG_4266-cut-out_ad_hoc.jpg?max_height=576&max_width=576&crop=1
N Leehey,Nick Leehey,Oakland Ballers,https://www.oaklandballers.com/sports/bsb/2026/photos/nleehey_player_ad_hoc.jpg?max_height=576&max_width=576&crop=1
V Cisneros,Valek Cisneros,Oakland Ballers,https://www.oaklandballers.com/sports/bsb/2026/bios/valek-cisneros-20260513-headshot-4x5-IMG_4312-cut-out_ad_hoc.jpg?max_height=576&max_width=576&crop=1
N Blythe,Noah Blythe,Oakland Ballers,https://www.oaklandballers.com/sports/bsb/2026/bios/Blythe_ad_hoc.jpg?max_height=576&max_width=576&crop=1
M Maloney,Matthew Maloney,Oakland Ballers,https://www.oaklandballers.com/sports/bsb/2026/bios/Maloney_ad_hoc.jpg?max_height=576&max_width=576&crop=1
G Smith,Griffin Smith,Oakland Ballers,https://www.oaklandballers.com/sports/bsb/2026/bios/griffin_smith_ad_hoc.jpg?max_height=576&max_width=576&crop=1
P Winland,Paul Winland,Oakland Ballers,https://www.oaklandballers.com/sports/bsb/2026/bios/Winland_ad_hoc.jpg?max_height=576&max_width=576&crop=1
A Risse,Aidan Risse,Oakland Ballers,https://www.oaklandballers.com/sports/bsb/2026/bios/aidan-risse-20260513-headshot-4x5-IMG_4487-cut-out_ad_hoc.jpg?max_height=576&max_width=576&crop=1
H Day,Hunter Day,Oakland Ballers,https://www.oaklandballers.com/sports/bsb/2026/bios/hunter_day_ad_hoc.jpg?max_height=576&max_width=576&crop=1
A Harajli,Ahmad Harajli,Oakland Ballers,https://www.oaklandballers.com/images/setup/default-headshot.png?max_height=576&max_width=576&crop=1
B Mayer,Brock Mayer,Oakland Ballers,https://www.oaklandballers.com/sports/bsb/2026/bios/Mayer_ad_hoc.jpg?max_height=576&max_width=576&crop=1
A Balentine,Austin Balentine,Oakland Ballers,https://www.oaklandballers.com/images/setup/default-headshot.png?max_height=576&max_width=576&crop=1
C Smith,Conner Smith,Oakland Ballers,https://www.oaklandballers.com/sports/bsb/2026/bios/conner_smith_ad_hoc.jpg?max_height=576&max_width=576&crop=1
P League,Pioneer League,Oakland Ballers,https://www.oaklandballers.com/assets/PioneerLeague_Logo.png?max_width=auto&max_height=auto&crop=false
R Mobile,RedPocket Mobile,Oakland Ballers,https://www.oaklandballers.com/assets/RedPocket_Footer_Logo.png?max_width=auto&max_height=auto&crop=false
W the Ballers on HTN,Watch the Ballers on HTN,Oakland Ballers,https://www.oaklandballers.com/assets/HTN_Oakland_banner.png?max_width=auto&max_height=auto&crop=false
S Image,Sponsor Image,Billings Mustangs,https://www.billingsmustangs.com/assets/RedPocket_Footer_Logo.png
K Micklus,Kyle Micklus,Billings Mustangs,https://www.billingsmustangs.com/sports/bsb/2026/photos/Kyle_Micklus_ad_hoc.jpg?max_height=576&max_width=576&crop=1
J McHenry,John McHenry,Billings Mustangs,https://www.billingsmustangs.com/sports/bsb/2026/photos/John_McHenry_ad_hoc.jpg?max_height=576&max_width=576&crop=1
C Calnon,Cole Calnon,Billings Mustangs,https://www.billingsmustangs.com/sports/bsb/2026/photos/Cole_Calnon_ad_hoc.jpg?max_height=576&max_width=576&crop=1
B Wright,Bodee Wright,Billings Mustangs,https://www.billingsmustangs.com/sports/bsb/2026/photos/Bodee_Wright_ad_hoc.jpg?max_height=576&max_width=576&crop=1
H Mullins,Hayden Mullins,Billings Mustangs,https://www.billingsmustangs.com/sports/bsb/2026/photos/Hayden_Mullins_ad_hoc.jpg?max_height=576&max_width=576&crop=1
A Cootway,Adam Cootway,Billings Mustangs,https://www.billingsmustangs.com/sports/bsb/2026/photos/Adam_Cootway_ad_hoc.jpg?max_height=576&max_width=576&crop=1
J Almeda,J.J. Almeda,Billings Mustangs,https://www.billingsmustangs.com/sports/bsb/2026/photos/JJ_Almeda_ad_hoc.jpg?max_height=576&max_width=576&crop=1
C Muniz,Charlie Muniz,Billings Mustangs,https://www.billingsmustangs.com/sports/bsb/2026/photos/Charlie_Muniz_ad_hoc.jpg?max_height=576&max_width=576&crop=1
A Shaver,A.J. Shaver,Billings Mustangs,https://www.billingsmustangs.com/sports/bsb/2026/photos/AJ_Shaver_ad_hoc.jpg?max_height=576&max_width=576&crop=1
C Bowen,Cameron Bowen,Billings Mustangs,https://www.billingsmustangs.com/sports/bsb/2026/photos/Cam_Bowen_ad_hoc.jpg?max_height=576&max_width=576&crop=1
H Boncal,Hudson Boncal,Billings Mustangs,https://www.billingsmustangs.com/sports/bsb/2026/photos/Hudson_Boncal_ad_hoc.jpg?max_height=576&max_width=576&crop=1
E Kaftan,Eddie Kaftan,Billings Mustangs,https://www.billingsmustangs.com/sports/bsb/2026/photos/Eddie_Kaftan_ad_hoc.jpg?max_height=576&max_width=576&crop=1
N Naccarato,Nate Naccarato,Billings Mustangs,https://www.billingsmustangs.com/sports/bsb/2026/photos/Nate_Naccarato_ad_hoc.jpg?max_height=576&max_width=576&crop=1
T McEvoy,True McEvoy,Billings Mustangs,https://www.billingsmustangs.com/sports/bsb/2026/photos/True_McEvoy_ad_hoc.jpg?max_height=576&max_width=576&crop=1
J Harris,Jaden Harris,Billings Mustangs,https://www.billingsmustangs.com/sports/bsb/2026/photos/Jaden_Harris_ad_hoc.jpg?max_height=576&max_width=576&crop=1
M Soper,Michael Soper,Billings Mustangs,https://www.billingsmustangs.com/sports/bsb/2026/photos/Michael_Soper_ad_hoc.jpg?max_height=576&max_width=576&crop=1
S Lynch,Sean Lynch,Billings Mustangs,https://www.billingsmustangs.com/sports/bsb/2026/photos/Sean_Lynch_ad_hoc.jpg?max_height=576&max_width=576&crop=1
D Hankins,David Hankins,Billings Mustangs,https://www.billingsmustangs.com/sports/bsb/2026/photos/David_Hankins_ad_hoc.jpg?max_height=576&max_width=576&crop=1
C Colyer,C.J. Colyer,Billings Mustangs,https://www.billingsmustangs.com/sports/bsb/2026/photos/CJ_Coyler_ad_hoc.jpg?max_height=576&max_width=576&crop=1
L Hartman,Lucas Hartman,Billings Mustangs,https://www.billingsmustangs.com/sports/bsb/2026/photos/Lucas_Hartman_ad_hoc.jpg?max_height=576&max_width=576&crop=1
A Calhoun,Aaron Calhoun,Billings Mustangs,https://www.billingsmustangs.com/sports/bsb/2026/photos/Aaron_Calhoun_Headshot_ad_hoc.jpg?max_height=576&max_width=576&crop=1
P Mills,Pat Mills,Billings Mustangs,https://www.billingsmustangs.com/sports/bsb/2026/photos/Pat_Mills_ad_hoc.jpg?max_height=576&max_width=576&crop=1
S Mannering,Shawn Mannering,Billings Mustangs,https://www.billingsmustangs.com/sports/bsb/2026/photos/Shawn_Mannering_ad_hoc.jpg?max_height=576&max_width=576&crop=1
J Garcia,Julian Garcia,Billings Mustangs,https://www.billingsmustangs.com/sports/bsb/2026/photos/Julian_Garcia_ad_hoc.jpg?max_height=576&max_width=576&crop=1
C Anziani,Carlos Anziani,Billings Mustangs,https://www.billingsmustangs.com/sports/bsb/2026/photos/Carlos_Anziani_ad_hoc.jpg?max_height=576&max_width=576&crop=1
M Dye,Mitch Dye,Billings Mustangs,https://www.billingsmustangs.com/sports/bsb/2026/photos/Mitch_Dye_ad_hoc.jpg?max_height=576&max_width=576&crop=1
J Gutierrez,Jacob Gutierrez,Billings Mustangs,https://www.billingsmustangs.com/sports/bsb/2026/photos/Jacob_Gutierrez_ad_hoc.jpg?max_height=576&max_width=576&crop=1
O Sports,OT Sports,Billings Mustangs,https://www.billingsmustangs.com/OTsports.jpg?max_width=auto&max_height=auto&crop=false
W the Billings Mustangs on HTN,Watch the Billings Mustangs on HTN,Billings Mustangs,https://www.billingsmustangs.com/assets/HTN_Billings_banner.png?max_width=auto&max_height=auto&crop=false
D Jackson,Darryl Jackson,Boise Hawks,https://www.boisehawks.com/images/setup/default-headshot.png?max_height=576&max_width=576&crop=1
M O’Hara,Michael O’Hara,Boise Hawks,https://www.boisehawks.com/images/setup/default-headshot.png?max_height=576&max_width=576&crop=1
J Kalafut,Joseph Kalafut,Boise Hawks,https://www.boisehawks.com/images/setup/default-headshot.png?max_height=576&max_width=576&crop=1
A Folds,Austin Folds,Boise Hawks,https://www.boisehawks.com/images/setup/default-headshot.png?max_height=576&max_width=576&crop=1
X Croxton,Xavier Croxton,Boise Hawks,https://www.boisehawks.com/images/setup/default-headshot.png?max_height=576&max_width=576&crop=1
C Trout,Chaney Trout,Boise Hawks,https://www.boisehawks.com/images/setup/default-headshot.png?max_height=576&max_width=576&crop=1
Z Rose,Zan Rose,Boise Hawks,https://www.boisehawks.com/images/Zan_Rose.JPG?max_height=576&max_width=576&crop=1
E Underwood,Ethan Underwood,Boise Hawks,https://www.boisehawks.com/images/setup/default-headshot.png?max_height=576&max_width=576&crop=1
J Sisto,Jacob Sisto,Boise Hawks,https://www.boisehawks.com/images/setup/default-headshot.png?max_height=576&max_width=576&crop=1
P Depasquale,Parker Depasquale,Boise Hawks,https://www.boisehawks.com/images/setup/default-headshot.png?max_height=576&max_width=576&crop=1
J Cone,John Cone,Boise Hawks,https://www.boisehawks.com/images/setup/default-headshot.png?max_height=576&max_width=576&crop=1
B McFadden,Blake McFadden,Boise Hawks,https://www.boisehawks.com/images/setup/default-headshot.png?max_height=576&max_width=576&crop=1
J Locklear,Jeremiah Locklear,Boise Hawks,https://www.boisehawks.com/images/setup/default-headshot.png?max_height=576&max_width=576&crop=1
M Stone,Mitchell Stone,Boise Hawks,https://www.boisehawks.com/images/setup/default-headshot.png?max_height=576&max_width=576&crop=1
T Paschal,Treshon Paschal,Boise Hawks,https://www.boisehawks.com/images/setup/default-headshot.png?max_height=576&max_width=576&crop=1
A Baker,Andrew Baker,Boise Hawks,https://www.boisehawks.com/images/Andrew_Baker_ad_hoc.jpg?max_height=576&max_width=576&crop=1
C Matlon,Caden Matlon,Boise Hawks,https://www.boisehawks.com/images/setup/default-headshot.png?max_height=576&max_width=576&crop=1
W Grant,Wyatt Grant,Boise Hawks,https://www.boisehawks.com/images/setup/default-headshot.png?max_height=576&max_width=576&crop=1
J Begora,Jeremiah Begora,Boise Hawks,https://www.boisehawks.com/images/setup/default-headshot.png?max_height=576&max_width=576&crop=1
R DuSang,Ryan DuSang,Boise Hawks,https://www.boisehawks.com/images/setup/default-headshot.png?max_height=576&max_width=576&crop=1
C Dayton,Cameron Dayton,Boise Hawks,https://www.boisehawks.com/images/setup/default-headshot.png?max_height=576&max_width=576&crop=1
J Skapinetz,Joseph Skapinetz,Boise Hawks,https://www.boisehawks.com/images/setup/default-headshot.png?max_height=576&max_width=576&crop=1
D Spinoso,Dominick Spinoso,Boise Hawks,https://www.boisehawks.com/images/setup/default-headshot.png?max_height=576&max_width=576&crop=1
T Tripoli,Trevor Tripoli,Boise Hawks,https://www.boisehawks.com/images/setup/default-headshot.png?max_height=576&max_width=576&crop=1
W the Boise Hawks on HTN,Watch the Boise Hawks on HTN,Boise Hawks,https://www.boisehawks.com/assets/HTN_Boise_banner.png?max_width=auto&max_height=auto&crop=false
T Rover,Tommy Rover,Glacier Range Riders,https://www.gorangeriders.com/sports/bsb/2026/photos/TommyRover1.jpeg?max_height=576&max_width=576&crop=1
K Ashworth,Kyle Ashworth,Glacier Range Riders,https://www.gorangeriders.com/sports/bsb/2026/photos/KyleAshworth4.jpeg?max_height=576&max_width=576&crop=1
J McLaughlin,Joe McLaughlin,Glacier Range Riders,https://www.gorangeriders.com/sports/bsb/2026/photos/0001/JDMcLaughlin7.jpeg?max_height=576&max_width=576&crop=1
C Garner,Carson Garner,Glacier Range Riders,https://www.gorangeriders.com/sports/bsb/2026/photos/0001/CarsonGarner8.jpeg?max_height=576&max_width=576&crop=1
A Fernandes,Alex Fernandes,Glacier Range Riders,https://www.gorangeriders.com/images/setup/default-headshot.png?max_height=576&max_width=576&crop=1
R Humphreys,Ryan Humphreys,Glacier Range Riders,https://www.gorangeriders.com/images/setup/default-headshot.png?max_height=576&max_width=576&crop=1
E O'Neal,Ethan O'Neal,Glacier Range Riders,https://www.gorangeriders.com/images/setup/default-headshot.png?max_height=576&max_width=576&crop=1
L Beard,Logan Beard,Glacier Range Riders,https://www.gorangeriders.com/sports/bsb/2026/photos/0001/LoganBeard29.jpeg?max_height=576&max_width=576&crop=1
C Canada,Chris Canada,Glacier Range Riders,https://www.gorangeriders.com/sports/bsb/2026/photos/0001/ChrisCanada21.jpeg?max_height=576&max_width=576&crop=1
J Luetzow,Johnny Luetzow,Glacier Range Riders,https://www.gorangeriders.com/images/setup/default-headshot.png?max_height=576&max_width=576&crop=1
V Temesvary,Vincent Temesvary,Great Falls Voyagers,https://www.gfvoyagers.com/images/setup/default-headshot.png?max_height=576&max_width=576&crop=1
A Barranca,Antonio Barranca,Great Falls Voyagers,https://www.gfvoyagers.com/images/setup/default-headshot.png?max_height=576&max_width=576&crop=1
R Skjonsby,Ryan Skjonsby,Great Falls Voyagers,https://www.gfvoyagers.com/images/setup/default-headshot.png?max_height=576&max_width=576&crop=1
W Ponce,William Ponce,Great Falls Voyagers,https://www.gfvoyagers.com/images/setup/default-headshot.png?max_height=576&max_width=576&crop=1
A Manisero,Anthony Manisero,Great Falls Voyagers,https://www.gfvoyagers.com/images/setup/default-headshot.png?max_height=576&max_width=576&crop=1
Z Blaszak,Zack Blaszak,Great Falls Voyagers,https://www.gfvoyagers.com/images/setup/default-headshot.png?max_height=576&max_width=576&crop=1
E Ott,Ethan Ott,Great Falls Voyagers,https://www.gfvoyagers.com/images/setup/default-headshot.png?max_height=576&max_width=576&crop=1
T Cruz,Trey Cruz,Great Falls Voyagers,https://www.gfvoyagers.com/images/setup/default-headshot.png?max_height=576&max_width=576&crop=1
N Cardinal,Nik Cardinal,Great Falls Voyagers,https://www.gfvoyagers.com/images/setup/default-headshot.png?max_height=576&max_width=576&crop=1
J Kelley,Jack Kelley,Great Falls Voyagers,https://www.gfvoyagers.com/images/setup/default-headshot.png?max_height=576&max_width=576&crop=1
R Nakamura,Raisei Nakamura,Great Falls Voyagers,https://www.gfvoyagers.com/images/setup/default-headshot.png?max_height=576&max_width=576&crop=1
E Sepulveda,Eumir Sepulveda,Great Falls Voyagers,https://www.gfvoyagers.com/images/setup/default-headshot.png?max_height=576&max_width=576&crop=1
A Swenda,Anthony Swenda,Great Falls Voyagers,https://www.gfvoyagers.com/images/setup/default-headshot.png?max_height=576&max_width=576&crop=1
B Wilhoite,Blake Wilhoite,Great Falls Voyagers,https://www.gfvoyagers.com/images/setup/default-headshot.png?max_height=576&max_width=576&crop=1
C Czerwinski,CJ Czerwinski,Great Falls Voyagers,https://www.gfvoyagers.com/images/setup/default-headshot.png?max_height=576&max_width=576&crop=1
S Lavin,Sam Lavin,Great Falls Voyagers,https://www.gfvoyagers.com/images/setup/default-headshot.png?max_height=576&max_width=576&crop=1
T Specht,Tommy Specht,Great Falls Voyagers,https://www.gfvoyagers.com/images/setup/default-headshot.png?max_height=576&max_width=576&crop=1
W Rogers,Will Rogers,Great Falls Voyagers,https://www.gfvoyagers.com/images/setup/default-headshot.png?max_height=576&max_width=576&crop=1
C Kelsey,Carter Kelsey,Great Falls Voyagers,https://www.gfvoyagers.com/images/setup/default-headshot.png?max_height=576&max_width=576&crop=1
E Hernandez,Esteban Hernandez,Great Falls Voyagers,https://www.gfvoyagers.com/images/setup/default-headshot.png?max_height=576&max_width=576&crop=1
K Schmack,Kyle Schmack,Great Falls Voyagers,https://www.gfvoyagers.com/images/setup/default-headshot.png?max_height=576&max_width=576&crop=1
H Orth,Harry Orth,Great Falls Voyagers,https://www.gfvoyagers.com/images/setup/default-headshot.png?max_height=576&max_width=576&crop=1
A Kostic,AJ Kostic,Great Falls Voyagers,https://www.gfvoyagers.com/images/setup/default-headshot.png?max_height=576&max_width=576&crop=1
L Smiddy,Landon Smiddy,Great Falls Voyagers,https://www.gfvoyagers.com/images/setup/default-headshot.png?max_height=576&max_width=576&crop=1
S Murray,Simon Murray,Great Falls Voyagers,https://www.gfvoyagers.com/images/setup/default-headshot.png?max_height=576&max_width=576&crop=1
J Bell,Jack Bell,Great Falls Voyagers,https://www.gfvoyagers.com/images/setup/default-headshot.png?max_height=576&max_width=576&crop=1
G Moore,Graham Moore,Great Falls Voyagers,https://www.gfvoyagers.com/images/setup/default-headshot.png?max_height=576&max_width=576&crop=1
A Gauna,Andrew Gauna,Great Falls Voyagers,https://www.gfvoyagers.com/images/setup/default-headshot.png?max_height=576&max_width=576&crop=1
K Ewell,Kendal Ewell,Great Falls Voyagers,https://www.gfvoyagers.com/images/setup/default-headshot.png?max_height=576&max_width=576&crop=1
C Wheatley,Chas Wheatley,Great Falls Voyagers,https://www.gfvoyagers.com/images/setup/default-headshot.png?max_height=576&max_width=576&crop=1
R Kelley,Robert Kelley,Great Falls Voyagers,https://www.gfvoyagers.com/images/setup/default-headshot.png?max_height=576&max_width=576&crop=1
C Cox,Chance Cox,Great Falls Voyagers,https://www.gfvoyagers.com/images/setup/default-headshot.png?max_height=576&max_width=576&crop=1
J Hamberg,Jordan Hamberg,Great Falls Voyagers,https://www.gfvoyagers.com/images/setup/default-headshot.png?max_height=576&max_width=576&crop=1
K Worek,Kevin Worek,Great Falls Voyagers,https://www.gfvoyagers.com/images/setup/default-headshot.png?max_height=576&max_width=576&crop=1
H Network,HomeTeam Network,Great Falls Voyagers,https://www.gfvoyagers.com/images/logos/home_team_network_logo.png?max_width=auto&max_height=auto&crop=false
R Estrada,Robert Estrada,Idaho Falls Chukars,https://www.ifchukars.com/images/setup/default-headshot.png?max_height=576&max_width=576&crop=1
T Dooley,Ty Dooley,Idaho Falls Chukars,https://www.ifchukars.com/images/setup/default-headshot.png?max_height=576&max_width=576&crop=1
R Camacho,Ramon Camacho,Idaho Falls Chukars,https://www.ifchukars.com/images/setup/default-headshot.png?max_height=576&max_width=576&crop=1
G Ostrander,Garret Ostrander,Idaho Falls Chukars,https://www.ifchukars.com/images/setup/default-headshot.png?max_height=576&max_width=576&crop=1
R Petersen,Rayth Petersen,Idaho Falls Chukars,https://www.ifchukars.com/images/setup/default-headshot.png?max_height=576&max_width=576&crop=1
C Vaughan,Casey Vaughan,Idaho Falls Chukars,https://www.ifchukars.com/images/setup/default-headshot.png?max_height=576&max_width=576&crop=1
B Ross,Brandon Ross,Idaho Falls Chukars,https://www.ifchukars.com/images/setup/default-headshot.png?max_height=576&max_width=576&crop=1
G Vasquez,Gabriel Vasquez,Idaho Falls Chukars,https://www.ifchukars.com/images/setup/default-headshot.png?max_height=576&max_width=576&crop=1
J Bickford,Jason Bickford,Idaho Falls Chukars,https://www.ifchukars.com/images/setup/default-headshot.png?max_height=576&max_width=576&crop=1
N Varnier,Nate Varnier,Idaho Falls Chukars,https://www.ifchukars.com/images/setup/default-headshot.png?max_height=576&max_width=576&crop=1
I Lanik,Ian Lanik,Idaho Falls Chukars,https://www.ifchukars.com/images/setup/default-headshot.png?max_height=576&max_width=576&crop=1
A Valdes,Andy Valdes,Idaho Falls Chukars,https://www.ifchukars.com/images/setup/default-headshot.png?max_height=576&max_width=576&crop=1
J Leerssen,Josh Leerssen,Idaho Falls Chukars,https://www.ifchukars.com/images/setup/default-headshot.png?max_height=576&max_width=576&crop=1
R Brito,Rafael Brito,Idaho Falls Chukars,https://www.ifchukars.com/images/setup/default-headshot.png?max_height=576&max_width=576&crop=1
J Romero,Jordi Romero,Idaho Falls Chukars,https://www.ifchukars.com/images/setup/default-headshot.png?max_height=576&max_width=576&crop=1
Y De Jesus,Yency De Jesus,Idaho Falls Chukars,https://www.ifchukars.com/images/setup/default-headshot.png?max_height=576&max_width=576&crop=1
M Matthews,Mateo Matthews,Idaho Falls Chukars,https://www.ifchukars.com/images/setup/default-headshot.png?max_height=576&max_width=576&crop=1
C Robinson,Cole Robinson,Idaho Falls Chukars,https://www.ifchukars.com/images/setup/default-headshot.png?max_height=576&max_width=576&crop=1
W Castillo,Wilton Castillo,Idaho Falls Chukars,https://www.ifchukars.com/images/setup/default-headshot.png?max_height=576&max_width=576&crop=1
J Fallers,Jake Fallers,Idaho Falls Chukars,https://www.ifchukars.com/images/setup/default-headshot.png?max_height=576&max_width=576&crop=1
W Mitchell,Wesley Mitchell,Idaho Falls Chukars,https://www.ifchukars.com/images/setup/default-headshot.png?max_height=576&max_width=576&crop=1
R Euson,Rijnaldo Euson,Idaho Falls Chukars,https://www.ifchukars.com/images/setup/default-headshot.png?max_height=576&max_width=576&crop=1
M Gonzalez,Miguel Gonzalez,Idaho Falls Chukars,https://www.ifchukars.com/images/setup/default-headshot.png?max_height=576&max_width=576&crop=1
S Spencer,Seth Spencer,Idaho Falls Chukars,https://www.ifchukars.com/images/setup/default-headshot.png?max_height=576&max_width=576&crop=1
M Bardowell,Matthew Bardowell,Long Beach Coast,https://longbeachcoast.com/images/BARDOWELL_LBC_01_copy_ad_hoc.jpg?max_height=576&max_width=576&crop=1
N Bautista,Nick Bautista,Long Beach Coast,https://longbeachcoast.com/images/Nick_Bautista_Headshot_ad_hoc.jpg?max_height=576&max_width=576&crop=1
C Bess,Cuba Bess,Long Beach Coast,https://longbeachcoast.com/images/BESS_LBC_01_copy_ad_hoc.jpg?max_height=576&max_width=576&crop=1
M Bryant,Mason Bryant,Long Beach Coast,https://longbeachcoast.com/images/BRYANT_LBC_01_copy_ad_hoc.jpg?max_height=576&max_width=576&crop=1
J Byrd,Jaxon Byrd,Long Beach Coast,https://longbeachcoast.com/images/Jaxon_Byrd_Headshot_ad_hoc.jpg?max_height=576&max_width=576&crop=1
E Corona,Emilio Corona,Long Beach Coast,https://longbeachcoast.com/images/CORONA_LBC_01_copy.png?max_height=576&max_width=576&crop=1
J Dixon,Jake Dixon,Long Beach Coast,https://longbeachcoast.com/images/DIXON_LBC_01_copy_ad_hoc.jpg?max_height=576&max_width=576&crop=1
J Edmonds,Jaylen Edmonds,Long Beach Coast,https://longbeachcoast.com/images/EDMONDS_LBC_01_copy_ad_hoc.jpg?max_height=576&max_width=576&crop=1
R Faulks,Ryan Faulks,Long Beach Coast,https://longbeachcoast.com/images/FAULKS_LBC_01_copy_ad_hoc.jpg?max_height=576&max_width=576&crop=1
G Grosjean,Gary Grosjean,Long Beach Coast,https://longbeachcoast.com/images/GROSSJEAN_LBC_01_copy_ad_hoc.jpg?max_height=576&max_width=576&crop=1
N Hemmerling,Nathan Hemmerling,Long Beach Coast,https://longbeachcoast.com/images/HEMMERLING_LBC_01_copy_ad_hoc.jpg?max_height=576&max_width=576&crop=1
J Jablonski,Jacob Jablonski,Long Beach Coast,https://longbeachcoast.com/images/JABLONSKI_LBC_01_copy_ad_hoc.jpg?max_height=576&max_width=576&crop=1
J Kozasky,Jonathan Kozasky,Long Beach Coast,https://longbeachcoast.com/images/Jonathan_Kozasky_Headshot_ad_hoc.jpg?max_height=576&max_width=576&crop=1
D Laferriere,Derek Laferriere,Long Beach Coast,https://longbeachcoast.com/images/Derek_Laferriere_Headshot_ad_hoc.jpg?max_height=576&max_width=576&crop=1
D Lina,Dylan Lina,Long Beach Coast,https://longbeachcoast.com/images/DylanLina_ad_hoc.jpg?max_height=576&max_width=576&crop=1
J Martin,Jack Martin,Long Beach Coast,https://longbeachcoast.com/images/MARTIN_LBC_01_copy_ad_hoc.jpg?max_height=576&max_width=576&crop=1
A Mata,Anthony Mata,Long Beach Coast,https://longbeachcoast.com/images/MATA_LBC_01_copy_ad_hoc.jpg?max_height=576&max_width=576&crop=1
T McCaffrey,Thomas McCaffrey,Long Beach Coast,https://longbeachcoast.com/images/McCAFFREY_LBC_01_copy_ad_hoc.jpg?max_height=576&max_width=576&crop=1
M O'Brien,Matthew O'Brien,Long Beach Coast,https://longbeachcoast.com/images/MatthewOBrien_ad_hoc.jpg?max_height=576&max_width=576&crop=1
S Ordorica,Steven Ordorica,Long Beach Coast,https://longbeachcoast.com/images/ORDORICA_LBC_01_copy_ad_hoc.jpg?max_height=576&max_width=576&crop=1
J Pappas,Johnny Pappas,Long Beach Coast,https://longbeachcoast.com/images/Johnny_Pappas_Headshot_ad_hoc.jpg?max_height=576&max_width=576&crop=1
E Pelc,Eddy Pelc,Long Beach Coast,https://longbeachcoast.com/images/PELC_LBC_01_copy_ad_hoc.jpg?max_height=576&max_width=576&crop=1
C Percival,Cole Percival,Long Beach Coast,https://longbeachcoast.com/images/ColePercival_ad_hoc.jpg?max_height=576&max_width=576&crop=1
P Roche Jr.,Patrick Roche Jr.,Long Beach Coast,https://longbeachcoast.com/images/ROCHE_JR_LBC_01_copy_ad_hoc.jpg?max_height=576&max_width=576&crop=1
G Van Deventer,Garrett Van Deventer,Long Beach Coast,https://longbeachcoast.com/images/Garrett_van_Deventer_Headshot_ad_hoc.jpg?max_height=576&max_width=576&crop=1
C Vest,Cooper Vest,Long Beach Coast,https://longbeachcoast.com/images/VEST_LBC_01_copy_ad_hoc.jpg?max_height=576&max_width=576&crop=1
Z Voelker,Zach Voelker,Long Beach Coast,https://longbeachcoast.com/images/VOELKER_LBC_01_copy_ad_hoc.jpg?max_height=576&max_width=576&crop=1
D Whittle,David Whittle,Long Beach Coast,https://longbeachcoast.com/images/DavidWhittle_ad_hoc.jpg?max_height=576&max_width=576&crop=1
B Wozniak,Brett Wozniak,Long Beach Coast,https://longbeachcoast.com/images/WOZNIAK__LBC_01_copy_ad_hoc.jpg?max_height=576&max_width=576&crop=1
T Young,Tyler Young,Long Beach Coast,https://longbeachcoast.com/images/YOUNG_LBC_01_copy_ad_hoc.jpg?max_height=576&max_width=576&crop=1
M PaddleHeads,Missoula PaddleHeads,Missoula PaddleHeads,https://gopaddleheads.com/assets/MissoulaPaddleheads_Logo_1.png
P Partner League,Professional Partner League,Missoula PaddleHeads,https://gopaddleheads.com/assets/MissoulaPaddleheads_Logo_9.png
M Professional Partern League,MLB Professional Partern League,Missoula PaddleHeads,https://gopaddleheads.com/assets/ProfessionalPartnerLeague-6-.png?max_width=auto&max_height=auto&crop=false
M Koszewski,Michael Koszewski,Missoula PaddleHeads,https://gopaddleheads.com/images/setup/default-headshot.png?max_height=576&max_width=576&crop=1
T Yukumoto,Ty Yukumoto,Missoula PaddleHeads,https://gopaddleheads.com/images/setup/default-headshot.png?max_height=576&max_width=576&crop=1
E Apodaca,Enzo Apodaca,Missoula PaddleHeads,https://gopaddleheads.com/images/setup/default-headshot.png?max_height=576&max_width=576&crop=1
C Brinson,Connor Brinson,Missoula PaddleHeads,https://gopaddleheads.com/images/setup/default-headshot.png?max_height=576&max_width=576&crop=1
X Casserilla,Xavier Casserilla,Missoula PaddleHeads,https://gopaddleheads.com/images/setup/default-headshot.png?max_height=576&max_width=576&crop=1
W Bermudez,William Bermudez,Missoula PaddleHeads,https://gopaddleheads.com/images/setup/default-headshot.png?max_height=576&max_width=576&crop=1
R Wentz,Ryan Wentz,Missoula PaddleHeads,https://gopaddleheads.com/images/setup/default-headshot.png?max_height=576&max_width=576&crop=1
G Garza,Grant Garza,Missoula PaddleHeads,https://gopaddleheads.com/images/setup/default-headshot.png?max_height=576&max_width=576&crop=1
J Piatkiewicz,Jeremy Piatkiewicz,Missoula PaddleHeads,https://gopaddleheads.com/images/setup/default-headshot.png?max_height=576&max_width=576&crop=1
N Klemp,Nich Klemp,Missoula PaddleHeads,https://gopaddleheads.com/images/setup/default-headshot.png?max_height=576&max_width=576&crop=1
R Steinman,Ritter Steinman,Missoula PaddleHeads,https://gopaddleheads.com/images/setup/default-headshot.png?max_height=576&max_width=576&crop=1
C Gallardo,Cameron Gallardo,Missoula PaddleHeads,https://gopaddleheads.com/images/setup/default-headshot.png?max_height=576&max_width=576&crop=1
C Goffar,Cameron Goffar,Missoula PaddleHeads,https://gopaddleheads.com/images/setup/default-headshot.png?max_height=576&max_width=576&crop=1
P McMan,Parker McMan,Missoula PaddleHeads,https://gopaddleheads.com/images/setup/default-headshot.png?max_height=576&max_width=576&crop=1
B Norton,Benjamin Norton,Missoula PaddleHeads,https://gopaddleheads.com/images/setup/default-headshot.png?max_height=576&max_width=576&crop=1
J Jackson,Jaren Jackson,Missoula PaddleHeads,https://gopaddleheads.com/images/setup/default-headshot.png?max_height=576&max_width=576&crop=1
J Bishop,Jaydon Bishop,Missoula PaddleHeads,https://gopaddleheads.com/images/setup/default-headshot.png?max_height=576&max_width=576&crop=1
G Gores,Garrett Gores,Missoula PaddleHeads,https://gopaddleheads.com/images/setup/default-headshot.png?max_height=576&max_width=576&crop=1
J Feliciano,Joskar Feliciano,Missoula PaddleHeads,https://gopaddleheads.com/images/setup/default-headshot.png?max_height=576&max_width=576&crop=1
M Timmins,Mark Timmins,Missoula PaddleHeads,https://gopaddleheads.com/images/setup/default-headshot.png?max_height=576&max_width=576&crop=1
C (CJ) Dean,Charles (CJ) Dean,Missoula PaddleHeads,https://gopaddleheads.com/images/setup/default-headshot.png?max_height=576&max_width=576&crop=1
J Johnson,Josh Johnson,Missoula PaddleHeads,https://gopaddleheads.com/images/setup/default-headshot.png?max_height=576&max_width=576&crop=1
B Beard,Brendan Beard,Missoula PaddleHeads,https://gopaddleheads.com/images/setup/default-headshot.png?max_height=576&max_width=576&crop=1
R Fields,Reece Fields,Missoula PaddleHeads,https://gopaddleheads.com/images/setup/default-headshot.png?max_height=576&max_width=576&crop=1
B Des Rosiers,Benjamin Des Rosiers,Missoula PaddleHeads,https://gopaddleheads.com/images/setup/default-headshot.png?max_height=576&max_width=576&crop=1
B Lambert,Brock Lambert,Missoula PaddleHeads,https://gopaddleheads.com/images/setup/default-headshot.png?max_height=576&max_width=576&crop=1
T Reisinger,Thomas Reisinger,Missoula PaddleHeads,https://gopaddleheads.com/images/setup/default-headshot.png?max_height=576&max_width=576&crop=1
S Gutierrez,Sergio Gutierrez,Missoula PaddleHeads,https://gopaddleheads.com/images/setup/default-headshot.png?max_height=576&max_width=576&crop=1
B Cermenelli,Bryce Cermenelli,Missoula PaddleHeads,https://gopaddleheads.com/images/setup/default-headshot.png?max_height=576&max_width=576&crop=1
M Taubensee,Matthew Taubensee,Missoula PaddleHeads,https://gopaddleheads.com/images/setup/default-headshot.png?max_height=576&max_width=576&crop=1
T Stone,Tyler Stone,Missoula PaddleHeads,https://gopaddleheads.com/images/setup/default-headshot.png?max_height=576&max_width=576&crop=1
C Wilkerson,Colby Wilkerson,Missoula PaddleHeads,https://gopaddleheads.com/images/setup/default-headshot.png?max_height=576&max_width=576&crop=1
L Wechsler,Luke Wechsler,Missoula PaddleHeads,https://gopaddleheads.com/images/setup/default-headshot.png?max_height=576&max_width=576&crop=1
J Robinson,Jack Robinson,Missoula PaddleHeads,https://gopaddleheads.com/images/setup/default-headshot.png?max_height=576&max_width=576&crop=1
M Longoria,Mason Longoria,Missoula PaddleHeads,https://gopaddleheads.com/images/setup/default-headshot.png?max_height=576&max_width=576&crop=1
C Karlin,Camden Karlin,Missoula PaddleHeads,https://gopaddleheads.com/images/setup/default-headshot.png?max_height=576&max_width=576&crop=1
R Gutierrez,Rolando Gutierrez,Missoula PaddleHeads,https://gopaddleheads.com/images/setup/default-headshot.png?max_height=576&max_width=576&crop=1
C Cunnings,Cam Cunnings,Missoula PaddleHeads,https://gopaddleheads.com/images/setup/default-headshot.png?max_height=576&max_width=576&crop=1
T Collins,Tyler Collins,Missoula PaddleHeads,https://gopaddleheads.com/images/setup/default-headshot.png?max_height=576&max_width=576&crop=1
D Cheeley,Dylan Cheeley,Missoula PaddleHeads,https://gopaddleheads.com/images/setup/default-headshot.png?max_height=576&max_width=576&crop=1
L Barry,Leyton Barry,Missoula PaddleHeads,https://gopaddleheads.com/images/setup/default-headshot.png?max_height=576&max_width=576&crop=1
J Ballista,Jose Ballista,Missoula PaddleHeads,https://gopaddleheads.com/images/setup/default-headshot.png?max_height=576&max_width=576&crop=1
K Martin,Kevin Martin,Missoula PaddleHeads,https://gopaddleheads.com/images/setup/default-headshot.png?max_height=576&max_width=576&crop=1
M Ball,Michael Ball,Missoula PaddleHeads,https://gopaddleheads.com/images/setup/default-headshot.png?max_height=576&max_width=576&crop=1
J Costin,Jimmy Costin,Missoula PaddleHeads,https://gopaddleheads.com/images/setup/default-headshot.png?max_height=576&max_width=576&crop=1
J Lojewski,Jacob Lojewski,Modesto Roadsters,https://modestoroadsters.com/team/headshots/-1-Jacob-Lowjeski.png?max_height=576&max_width=576&crop=1
J Mazzetti,Joey Mazzetti,Modesto Roadsters,https://modestoroadsters.com/team/headshots/-2-Joey-Mazzetti.png?max_height=576&max_width=576&crop=1
J Castillo,Johan Castillo,Modesto Roadsters,https://modestoroadsters.com/team/headshots/-3-Johan-Castillo.png?max_height=576&max_width=576&crop=1
L Figueroa,Leiker Figueroa,Modesto Roadsters,https://modestoroadsters.com/images/setup/default-headshot.png?max_height=576&max_width=576&crop=1
J Boyd,Justin Boyd,Modesto Roadsters,https://modestoroadsters.com/team/headshots/-7-Justin-Boyd.png?max_height=576&max_width=576&crop=1
O Serrano,Omar Serrano,Modesto Roadsters,https://modestoroadsters.com/team/headshots/-8-Omar-Serrano.png?max_height=576&max_width=576&crop=1
C Tremain,Cole Tremain,Modesto Roadsters,https://modestoroadsters.com/images/setup/default-headshot.png?max_height=576&max_width=576&crop=1
B Smith,Blake Smith,Modesto Roadsters,https://modestoroadsters.com/images/setup/default-headshot.png?max_height=576&max_width=576&crop=1
B Cannon,Bryce Cannon,Modesto Roadsters,https://modestoroadsters.com/team/headshots/-11-Bryce-Cannon.png?max_height=576&max_width=576&crop=1
T Williams,Tyler Williams,Modesto Roadsters,https://modestoroadsters.com/images/setup/default-headshot.png?max_height=576&max_width=576&crop=1
L Alaniz,Lucas Alaniz,Modesto Roadsters,https://modestoroadsters.com/images/setup/default-headshot.png?max_height=576&max_width=576&crop=1
H Owen,Harry Owen,Modesto Roadsters,https://modestoroadsters.com/team/headshots/-14-Harry-Owen.png?max_height=576&max_width=576&crop=1
L Terillli,Lucas Terillli,Modesto Roadsters,https://modestoroadsters.com/images/setup/default-headshot.png?max_height=576&max_width=576&crop=1
E Roarke,Ethan Roarke,Modesto Roadsters,https://modestoroadsters.com/images/setup/default-headshot.png?max_height=576&max_width=576&crop=1
P Kelly,Preston Kelly,Modesto Roadsters,https://modestoroadsters.com/images/setup/default-headshot.png?max_height=576&max_width=576&crop=1
K Liniak,Kingston Liniak,Modesto Roadsters,https://modestoroadsters.com/team/headshots/-20-Kingston-Liniak.png?max_height=576&max_width=576&crop=1
O Johnson,Osiris Johnson,Modesto Roadsters,https://modestoroadsters.com/team/headshots/-21-Osiris-Johnson.png?max_height=576&max_width=576&crop=1
A Diaz,Anthony Diaz,Modesto Roadsters,https://modestoroadsters.com/team/headshots/-22-Anthony-Diaz.png?max_height=576&max_width=576&crop=1
A Moreno,Aaron Moreno,Modesto Roadsters,https://modestoroadsters.com/team/headshots/-23-AJ-Moreno.png?max_height=576&max_width=576&crop=1
L Sutter,Logan Sutter,Modesto Roadsters,https://modestoroadsters.com/images/setup/default-headshot.png?max_height=576&max_width=576&crop=1
D Hernandez,Devyn Hernandez,Modesto Roadsters,https://modestoroadsters.com/team/headshots/-28-Devyn-Hernandez.png?max_height=576&max_width=576&crop=1
D Goines,Dawson Goines,Modesto Roadsters,https://modestoroadsters.com/images/setup/default-headshot.png?max_height=576&max_width=576&crop=1
J Jenkins,Jonah Jenkins,Modesto Roadsters,https://modestoroadsters.com/team/headshots/-30-Jonah-Jenkins.png?max_height=576&max_width=576&crop=1
C Talley,Corbin Talley,Modesto Roadsters,https://modestoroadsters.com/team/headshots/-32-Corbin-Talley.png?max_height=576&max_width=576&crop=1
H Dunhurst,Hayden Dunhurst,Modesto Roadsters,https://modestoroadsters.com/team/headshots/-34-Hayden-Dunhurst.png?max_height=576&max_width=576&crop=1
M Handron,Max Handron,Modesto Roadsters,https://modestoroadsters.com/team/headshots/-43-Max-Handron.png?max_height=576&max_width=576&crop=1
W the Roadsters on HTN,Watch the Roadsters on HTN,Modesto Roadsters,https://modestoroadsters.com/assets/HTN_Modesto_button.png?max_width=auto&max_height=auto&crop=false
C Jordan,Cole Jordan,Ogden Raptors,https://ogden-raptors.com/sports/bsb/2026/photos/0001/3_C_Jordan.png?max_height=576&max_width=576&crop=1
C Valentine,Chase Valentine,Ogden Raptors,https://ogden-raptors.com/sports/bsb/2026/photos/0001/5_C_Valentine.png?max_height=576&max_width=576&crop=1
N Ficklin,Nolan Ficklin,Ogden Raptors,https://ogden-raptors.com/sports/bsb/2026/photos/0001/6_N_Ficklin.png?max_height=576&max_width=576&crop=1
B Pelle,Bradley Pelle,Ogden Raptors,https://ogden-raptors.com/sports/bsb/2026/photos/0001/8_B_Pelle.png?max_height=576&max_width=576&crop=1
C Lane,Carmine Lane,Ogden Raptors,https://ogden-raptors.com/sports/bsb/2026/photos/0001/9_C_Lane.png?max_height=576&max_width=576&crop=1
K Stancato,Kyler Stancato,Ogden Raptors,https://ogden-raptors.com/sports/bsb/2026/photos/0001/10_K_Sancato.png?max_height=576&max_width=576&crop=1
N Saltaformaggio,Nico Saltaformaggio,Ogden Raptors,https://ogden-raptors.com/sports/bsb/2026/photos/0001/12_N_Saltaformaggio.png?max_height=576&max_width=576&crop=1
T Ganus,Tyler Ganus,Ogden Raptors,https://ogden-raptors.com/sports/bsb/2026/photos/0001/13_T_Ganus.png?max_height=576&max_width=576&crop=1
I Austin IV,Ira Austin IV,Ogden Raptors,https://ogden-raptors.com/images/setup/default-headshot.png?max_height=576&max_width=576&crop=1
E Manzo,Efrain Manzo,Ogden Raptors,https://ogden-raptors.com/sports/bsb/2026/photos/0001/15_E_Manzo.png?max_height=576&max_width=576&crop=1
S Greico,Sebastian Greico,Ogden Raptors,https://ogden-raptors.com/images/setup/default-headshot.png?max_height=576&max_width=576&crop=1
C Chatman,Chase Chatman,Ogden Raptors,https://ogden-raptors.com/sports/bsb/2026/photos/0001/17_C_Chatman.png?max_height=576&max_width=576&crop=1
A Shumaker,Aiden Shumaker,Ogden Raptors,https://ogden-raptors.com/images/setup/default-headshot.png?max_height=576&max_width=576&crop=1
D Wilkinson,Dylan Wilkinson,Ogden Raptors,https://ogden-raptors.com/sports/bsb/2026/photos/0001/21_D_Wilkinson.png?max_height=576&max_width=576&crop=1
L Riley,Landon Riley,Ogden Raptors,https://ogden-raptors.com/sports/bsb/2026/photos/0001/22_L_Riley.png?max_height=576&max_width=576&crop=1
C Diaz,Christian Diaz,Ogden Raptors,https://ogden-raptors.com/sports/bsb/2026/photos/0001/23_C_Diaz.png?max_height=576&max_width=576&crop=1
J Schaaf,Jason Schaaf,Ogden Raptors,https://ogden-raptors.com/images/setup/default-headshot.png?max_height=576&max_width=576&crop=1
H McLendon,Harper McLendon,Ogden Raptors,https://ogden-raptors.com/images/setup/default-headshot.png?max_height=576&max_width=576&crop=1
C Kelly,Carson Kelly,Ogden Raptors,https://ogden-raptors.com/images/setup/default-headshot.png?max_height=576&max_width=576&crop=1
G Bevacqua,Garrett Bevacqua,Ogden Raptors,https://ogden-raptors.com/sports/bsb/2026/photos/0001/30_G_Bevacqua.png?max_height=576&max_width=576&crop=1
K Kneip,Kaden Kneip,Ogden Raptors,https://ogden-raptors.com/sports/bsb/2026/photos/0001/35_K_Kneip.png?max_height=576&max_width=576&crop=1
C Lawrence,Colson Lawrence,Ogden Raptors,https://ogden-raptors.com/sports/bsb/2026/photos/0001/36_C_Lawrence.png?max_height=576&max_width=576&crop=1
K Lewis,Kyle Lewis,Ogden Raptors,https://ogden-raptors.com/sports/bsb/2026/photos/0001/37_K_Lewis.png?max_height=576&max_width=576&crop=1
D Gardner,Dylan Gardner,Ogden Raptors,https://ogden-raptors.com/sports/bsb/2026/photos/0001/38_D_Gardner.png?max_height=576&max_width=576&crop=1
G Ferraro-Nahr,Giuseppe Ferraro-Nahr,Ogden Raptors,https://ogden-raptors.com/sports/bsb/2026/photos/0001/44_G_FERRARO-NAHR.png?max_height=576&max_width=576&crop=1
H Dodson,Hank Dodson,Ogden Raptors,https://ogden-raptors.com/sports/bsb/2026/photos/0001/48_H_Dodson.png?max_height=576&max_width=576&crop=1
C Bunch,Caleb Bunch,Ogden Raptors,https://ogden-raptors.com/images/setup/default-headshot.png?max_height=576&max_width=576&crop=1
M Miller,Max Miller,Ogden Raptors,https://ogden-raptors.com/images/setup/default-headshot.png?max_height=576&max_width=576&crop=1
L Boesen,Lucas Boesen,Ogden Raptors,https://ogden-raptors.com/images/setup/default-headshot.png?max_height=576&max_width=576&crop=1
R Radkey,Ryan Radkey,Ogden Raptors,https://ogden-raptors.com/sports/bsb/2026/photos/0001/33_R_Radkey.png?max_height=576&max_width=576&crop=1
M Del Rio,Micah Del Rio,Ogden Raptors,https://ogden-raptors.com/sports/bsb/2026/bios/16_Micah_Del_Rio.png?max_height=576&max_width=576&crop=1
Y Richard,Yordy Richard,Ogden Raptors,https://ogden-raptors.com/sports/bsb/2026/photos/0001/31_Y_Richard.png?max_height=576&max_width=576&crop=1
D Fesperman,Dylan Fesperman,Ogden Raptors,https://ogden-raptors.com/sports/bsb/2026/photos/0001/47_D_Fesperman.png?max_height=576&max_width=576&crop=1
M Garrett,Miles Garrett,Ogden Raptors,https://ogden-raptors.com/sports/bsb/2026/photos/0001/18_M_Garrett.png?max_height=576&max_width=576&crop=1
T Gilligan,Tyler Gilligan,Ogden Raptors,https://ogden-raptors.com/sports/bsb/2026/photos/0001/26_T_Gilligan.png?max_height=576&max_width=576&crop=1
K Linn,Kade Linn,Ogden Raptors,https://ogden-raptors.com/sports/bsb/2026/bios/28_K_Linn.png?max_height=576&max_width=576&crop=1
K Racculia,Kalean Racculia,Ogden Raptors,https://ogden-raptors.com/sports/bsb/2026/photos/0001/28_K_Racculia.png?max_height=576&max_width=576&crop=1
E Brown,Ethan Brown,Ogden Raptors,https://ogden-raptors.com/images/setup/default-headshot.png?max_height=576&max_width=576&crop=1
H Edwards,Hunter Edwards,Ogden Raptors,https://ogden-raptors.com/images/setup/default-headshot.png?max_height=576&max_width=576&crop=1
E Sim,Eric Sim,Ogden Raptors,https://ogden-raptors.com/images/setup/default-headshot.png?max_height=576&max_width=576&crop=1
C Wallace,Chance Wallace,Ogden Raptors,https://ogden-raptors.com/sports/bsb/2026/bios/14_C_Wallace.png?max_height=576&max_width=576&crop=1
D Dixon,Devon Dixon,Yuba-Sutter Freebirds,https://freebirdsbaseball.com/assets/DIXON.png?max_height=576&max_width=576&crop=1
Z Chamizo,Zach Chamizo,Yuba-Sutter Freebirds,https://freebirdsbaseball.com/assets/CHAMIZO.png?max_height=576&max_width=576&crop=1
J Donahue,Jordan Donahue,Yuba-Sutter Freebirds,https://freebirdsbaseball.com/assets/DONAHUE.png?max_height=576&max_width=576&crop=1
E Pagani,Edwin Pagani,Yuba-Sutter Freebirds,https://freebirdsbaseball.com/assets/PAGANI.png?max_height=576&max_width=576&crop=1
D Aragon,Diego Aragon,Yuba-Sutter Freebirds,https://freebirdsbaseball.com/assets/ARAGON.png?max_height=576&max_width=576&crop=1
J Duarte,Josh Duarte,Yuba-Sutter Freebirds,https://freebirdsbaseball.com/assets/DUARTE.png?max_height=576&max_width=576&crop=1
D Galef,Dan Galef,Yuba-Sutter Freebirds,https://freebirdsbaseball.com/images/setup/default-headshot.png?max_height=576&max_width=576&crop=1
C Yuran,Cam Yuran,Yuba-Sutter Freebirds,https://freebirdsbaseball.com/images/setup/default-headshot.png?max_height=576&max_width=576&crop=1
C Martinez,Chase Martinez,Yuba-Sutter Freebirds,https://freebirdsbaseball.com/images/setup/default-headshot.png?max_height=576&max_width=576&crop=1
K Carlson,Kyle Carlson,Yuba-Sutter Freebirds,https://freebirdsbaseball.com/images/setup/default-headshot.png?max_height=576&max_width=576&crop=1
A Lopez,Alain Lopez,Yuba-Sutter Freebirds,https://freebirdsbaseball.com/assets/LOPEZ.png?max_height=576&max_width=576&crop=1
S Wiese,Sean Wiese,Yuba-Sutter Freebirds,https://freebirdsbaseball.com/assets/WIESE.png?max_height=576&max_width=576&crop=1
A Kirchner,Andrew Kirchner,Yuba-Sutter Freebirds,https://freebirdsbaseball.com/images/setup/default-headshot.png?max_height=576&max_width=576&crop=1
J Phillips,Josh Phillips,Yuba-Sutter Freebirds,https://freebirdsbaseball.com/images/setup/default-headshot.png?max_height=576&max_width=576&crop=1
C Barker,Corbin Barker,Yuba-Sutter Freebirds,https://freebirdsbaseball.com/assets/BARKER.png?max_height=576&max_width=576&crop=1
J Simmons,Josh Simmons,Yuba-Sutter Freebirds,https://freebirdsbaseball.com/images/setup/default-headshot.png?max_height=576&max_width=576&crop=1
J Mayo,Jackson Mayo,Yuba-Sutter Freebirds,https://freebirdsbaseball.com/images/setup/default-headshot.png?max_height=576&max_width=576&crop=1
R Egloff,Riley Egloff,Yuba-Sutter Freebirds,https://freebirdsbaseball.com/assets/EGLOFF.png?max_height=576&max_width=576&crop=1
T Wolf,Tristan Wolf,Yuba-Sutter Freebirds,https://freebirdsbaseball.com/assets/WOLF.png?max_height=576&max_width=576&crop=1
B Thiels,Brenton Thiels,Yuba-Sutter Freebirds,https://freebirdsbaseball.com/images/setup/default-headshot.png?max_height=576&max_width=576&crop=1
E Amundson,Easton Amundson,Yuba-Sutter Freebirds,https://freebirdsbaseball.com/images/setup/default-headshot.png?max_height=576&max_width=576&crop=1
J Lopez,Josh Lopez,Yuba-Sutter Freebirds,https://freebirdsbaseball.com/images/setup/default-headshot.png?max_height=576&max_width=576&crop=1
D Aguiar,Drew Aguiar,Yuba-Sutter Freebirds,https://freebirdsbaseball.com/images/setup/default-headshot.png?max_height=576&max_width=576&crop=1
A Silvas,Anthony Silvas,Yuba-Sutter Freebirds,https://freebirdsbaseball.com/assets/SILVAS.png?max_height=576&max_width=576&crop=1
R Velazquez,Ryan Velazquez,Yuba-Sutter Freebirds,https://freebirdsbaseball.com/assets/VELAZQUEZ.png?max_height=576&max_width=576&crop=1
C Castaneda,Christian Castaneda,Yuba-Sutter Freebirds,https://freebirdsbaseball.com/assets/CASTANEDA.png?max_height=576&max_width=576&crop=1
A Tsengeg,Amar Tsengeg,Yuba-Sutter Freebirds,https://freebirdsbaseball.com/images/setup/default-headshot.png?max_height=576&max_width=576&crop=1
R Mancusso,Ryder Mancusso,Yuba-Sutter Freebirds,https://freebirdsbaseball.com/images/setup/default-headshot.png?max_height=576&max_width=576&crop=1
D McCall,Dylan McCall,Yuba-Sutter Freebirds,https://freebirdsbaseball.com/assets/MCCALL.png?max_height=576&max_width=576&crop=1
