player_name,full_name,team,position,bats_throws,height,weight,source_url
A Shaver,A.J. Shaver,Billings Mustangs,OF,R/R,6'1,215,https://www.billingsmustangs.com/sports/bsb/2026/roster
A Calhoun,Aaron Calhoun,Billings Mustangs,RHP,R/R,5’10,180,https://www.billingsmustangs.com/sports/bsb/2026/roster
A Cootway,Adam Cootway,Billings Mustangs,OF,R/R,6’0,205,https://www.billingsmustangs.com/sports/bsb/2026/roster
A Gutierrez,Alizaeh Gutierrez,Billings Mustangs,LHP,L/L,5’10,200,https://www.billingsmustangs.com/sports/bsb/2026/roster
B Wright,Bodee Wright,Billings Mustangs,UTL,R/R,5'9,175,https://www.billingsmustangs.com/sports/bsb/2026/roster
C Bowen,Cameron Bowen,Billings Mustangs,SS,R/R,5'9,200,https://www.billingsmustangs.com/sports/bsb/2026/roster
C Anziani,Carlos Anziani,Billings Mustangs,RHP,R/R,6'4,240,https://www.billingsmustangs.com/sports/bsb/2026/roster
C Muniz,Charlie Muniz,Billings Mustangs,C,R/R,6'2,220,https://www.billingsmustangs.com/sports/bsb/2026/roster
C Calnon,Cole Calnon,Billings Mustangs,RHP,R/R,5’10,175,https://www.billingsmustangs.com/sports/bsb/2026/roster
D Hankins,David Hankins,Billings Mustangs,RHP,R/R,6’4,185,https://www.billingsmustangs.com/sports/bsb/2026/roster
H Mullins,Hayden Mullins,Billings Mustangs,RHP,R/R,6’0,170,https://www.billingsmustangs.com/sports/bsb/2026/roster
H Boncal,Hudson Boncal,Billings Mustangs,RHP,R/R,6'3,210,https://www.billingsmustangs.com/sports/bsb/2026/roster
J Almeda,J.J. Almeda,Billings Mustangs,RHP,R/R,5'11,180,https://www.billingsmustangs.com/sports/bsb/2026/roster
J Gutierrez,Jacob Gutierrez,Billings Mustangs,OF,R/R,6’0,210,https://www.billingsmustangs.com/sports/bsb/2026/roster
J Harris,Jaden Harris,Billings Mustangs,RHP,R/R,6'2,215,https://www.billingsmustangs.com/sports/bsb/2026/roster
J McHenry,John McHenry,Billings Mustangs,INF,S/R,5’9,200,https://www.billingsmustangs.com/sports/bsb/2026/roster
J Garcia,Julian Garcia,Billings Mustangs,RHP,R/R,6'4,205,https://www.billingsmustangs.com/sports/bsb/2026/roster
J Johnson,Justin Johnson,Billings Mustangs,INF,R/R,6'4,215,https://www.billingsmustangs.com/sports/bsb/2026/roster
K Micklus,Kyle Micklus,Billings Mustangs,C,L/R,5'9,195,https://www.billingsmustangs.com/sports/bsb/2026/roster
L Hartman,Lucas Hartman,Billings Mustangs,RHP,R/R,5’10,205,https://www.billingsmustangs.com/sports/bsb/2026/roster
M Soper,Michael Soper,Billings Mustangs,INF,L/R,6’0,190,https://www.billingsmustangs.com/sports/bsb/2026/roster
M Dye,Mitch Dye,Billings Mustangs,RHP,L/R,6'3,208,https://www.billingsmustangs.com/sports/bsb/2026/roster
N Naccarato,Nate Naccarato,Billings Mustangs,RHP,R/R,5’10,165,https://www.billingsmustangs.com/sports/bsb/2026/roster
N Burns,Nin Burns,Billings Mustangs,OF,R/R,5'11,190,https://www.billingsmustangs.com/sports/bsb/2026/roster
P Mills,Pat Mills,Billings Mustangs,1B/OF,L/L,6’4,205,https://www.billingsmustangs.com/sports/bsb/2026/roster
S Lynch,Sean Lynch,Billings Mustangs,C,R/R,6’0,190,https://www.billingsmustangs.com/sports/bsb/2026/roster
T Perry,Tristan Perry,Billings Mustangs,RHP,R/R,6’3,195,https://www.billingsmustangs.com/sports/bsb/2026/roster
T McEvoy,True McEvoy,Billings Mustangs,RHP,R/R,6’1,205,https://www.billingsmustangs.com/sports/bsb/2026/roster
A Hernandez,Alex Hernandez,Boise Hawks,RHP,R/R,,,https://www.boisehawks.com/sports/bsb/2026/roster
A Baker,Andrew Baker,Boise Hawks,LHP,L/L,5'11,205,https://www.boisehawks.com/sports/bsb/2026/roster
A Folds,Austin Folds,Boise Hawks,OF,L/L,5&amp;rsquo;10,180,https://www.boisehawks.com/sports/bsb/2026/roster
B McFadden,Blake McFadden,Boise Hawks,Pitcher,L/L,6'3,225,https://www.boisehawks.com/sports/bsb/2026/roster
C Matlon,Caden Matlon,Boise Hawks,C,R/R,6'2,205,https://www.boisehawks.com/sports/bsb/2026/roster
C Witte,Cameron Witte,Boise Hawks,RHP,R/R,,,https://www.boisehawks.com/sports/bsb/2026/roster
C Trout,Chaney Trout,Boise Hawks,Pitcher,R/R,5'11,195,https://www.boisehawks.com/sports/bsb/2026/roster
D Sullivan,Daniel Sullivan,Boise Hawks,RHP,R/R,,,https://www.boisehawks.com/sports/bsb/2026/roster
D Jackson,Darryl Jackson,Boise Hawks,Infield,R/R,5&amp;amp;rsquo;10,190,https://www.boisehawks.com/sports/bsb/2026/roster
D Spinoso,Dominick Spinoso,Boise Hawks,Pitcher,R/R,5'9,190,https://www.boisehawks.com/sports/bsb/2026/roster
E Underwood,Ethan Underwood,Boise Hawks,Utility,L/R,6'0,200,https://www.boisehawks.com/sports/bsb/2026/roster
J Sisto,Jacob Sisto,Boise Hawks,Catcher,R/R,5'10,225,https://www.boisehawks.com/sports/bsb/2026/roster
J Begora,Jeremiah Begora,Boise Hawks,1B,R/R,6'8,235,https://www.boisehawks.com/sports/bsb/2026/roster
J Cone,John Cone,Boise Hawks,RHP,L/R,"6'0""",190,https://www.boisehawks.com/sports/bsb/2026/roster
J Kalafut,Joseph Kalafut,Boise Hawks,OF,L/L,6'3,220,https://www.boisehawks.com/sports/bsb/2026/roster
J Skapinetz,Joseph Skapinetz,Boise Hawks,Pitcher,L/R,6'5,235,https://www.boisehawks.com/sports/bsb/2026/roster
L Meyer,Logan Meyer,Boise Hawks,OF,R/R,,,https://www.boisehawks.com/sports/bsb/2026/roster
M O,Michael O,Boise Hawks,OF,L/R,"6'0""",200,https://www.boisehawks.com/sports/bsb/2026/roster
R DuSang,Ryan DuSang,Boise Hawks,RHP,R/R,6'0,190,https://www.boisehawks.com/sports/bsb/2026/roster
T Paschal,Treshon Paschal,Boise Hawks,Pitcher,R/R,6'2,200,https://www.boisehawks.com/sports/bsb/2026/roster
T Tripoli,Trevor Tripoli,Boise Hawks,MIF,R/R,5'10,175,https://www.boisehawks.com/sports/bsb/2026/roster
W Grant,Wyatt Grant,Boise Hawks,C,R/R,"6'1""",210,https://www.boisehawks.com/sports/bsb/2026/roster
Z Rose,Zan Rose,Boise Hawks,Pitcher,L/R,6'1,210,https://www.boisehawks.com/sports/bsb/2026/roster
A Elfering,Aidan Elfering,Glacier Range Riders,RHP,R/R,6-4,210,https://www.gorangeriders.com/sports/bsb/2026/roster
A Bustamante,Alex Bustamante,Glacier Range Riders,RHP,R/R,6-3,195,https://www.gorangeriders.com/sports/bsb/2026/roster
A Fernandes,Alex Fernandes,Glacier Range Riders,,L/R,,,https://www.gorangeriders.com/sports/bsb/2026/roster
A Collins,Andrew Collins,Glacier Range Riders,OF,L/R,6-2,185,https://www.gorangeriders.com/sports/bsb/2026/roster
C Magee,Cam Magee,Glacier Range Riders,INF,L/R,6-1,190,https://www.gorangeriders.com/sports/bsb/2026/roster
C Garner,Carson Garner,Glacier Range Riders,INF,R/R,6-1,205,https://www.gorangeriders.com/sports/bsb/2026/roster
C Hornung,Carson Hornung,Glacier Range Riders,INF,L/R,6-3,225,https://www.gorangeriders.com/sports/bsb/2026/roster
C Canada,Chris Canada,Glacier Range Riders,LHP,L/L,6-7,220,https://www.gorangeriders.com/sports/bsb/2026/roster
C Housley,Connor Housley,Glacier Range Riders,,L/R,,,https://www.gorangeriders.com/sports/bsb/2026/roster
D Pratt,Davis Pratt,Glacier Range Riders,RHP,R/R,6-2,205,https://www.gorangeriders.com/sports/bsb/2026/roster
D Ratfield,Donovan Ratfield,Glacier Range Riders,C,R/R,6-1,210,https://www.gorangeriders.com/sports/bsb/2026/roster
E Felix,Edrick Felix,Glacier Range Riders,INF,R/R,6-0,198,https://www.gorangeriders.com/sports/bsb/2026/roster
E O'Neal,Ethan O'Neal,Glacier Range Riders,RHP,R/R,6-5,210,https://www.gorangeriders.com/sports/bsb/2026/roster
E Langston,Evan Langston,Glacier Range Riders,,R/R,,,https://www.gorangeriders.com/sports/bsb/2026/roster
J Maruskin,Jack Maruskin,Glacier Range Riders,RHP,R/R,6-2,200,https://www.gorangeriders.com/sports/bsb/2026/roster
J Hasty,Jacob Hasty,Glacier Range Riders,LHP,L/R,,,https://www.gorangeriders.com/sports/bsb/2026/roster
J Steele,Jacob Steele,Glacier Range Riders,INF,R/R,6-2,195,https://www.gorangeriders.com/sports/bsb/2026/roster
J Covey,Jake Covey,Glacier Range Riders,RHP,R/R,6-4,200,https://www.gorangeriders.com/sports/bsb/2026/roster
J Millan,Jake Millan,Glacier Range Riders,OF,S/L,6-2,210,https://www.gorangeriders.com/sports/bsb/2026/roster
J Engman,Jared Engman,Glacier Range Riders,RHP,R/R,6-0,215,https://www.gorangeriders.com/sports/bsb/2026/roster
J McLaughlin,Joe McLaughlin,Glacier Range Riders,OF,R/R,6-2,195,https://www.gorangeriders.com/sports/bsb/2026/roster
J Luetzow,Johnny Luetzow,Glacier Range Riders,,R/R,,,https://www.gorangeriders.com/sports/bsb/2026/roster
J Giblin,Jonah Giblin,Glacier Range Riders,RHP,R/R,6-4,240,https://www.gorangeriders.com/sports/bsb/2026/roster
J Sauger,Julian Sauger,Glacier Range Riders,C,R/R,,,https://www.gorangeriders.com/sports/bsb/2026/roster
K Ashworth,Kyle Ashworth,Glacier Range Riders,OF,L/R,6-0,180,https://www.gorangeriders.com/sports/bsb/2026/roster
L Beard,Logan Beard,Glacier Range Riders,INF,R/R,6-0,205,https://www.gorangeriders.com/sports/bsb/2026/roster
R Humphreys,Ryan Humphreys,Glacier Range Riders,,L/L,,,https://www.gorangeriders.com/sports/bsb/2026/roster
T Rover,Tommy Rover,Glacier Range Riders,INF,S/R,6-0,185,https://www.gorangeriders.com/sports/bsb/2026/roster
W Maynard,Will Maynard,Glacier Range Riders,RHP,R/R,,,https://www.gorangeriders.com/sports/bsb/2026/roster
Z Longshore,Zach Longshore,Glacier Range Riders,LHP,L/L,6-1,215,https://www.gorangeriders.com/sports/bsb/2026/roster
A Kostic,AJ Kostic,Great Falls Voyagers,RHP,R/R,6'3,212,https://www.gfvoyagers.com/sports/bsb/2026/roster
A Gauna,Andrew Gauna,Great Falls Voyagers,OF,R/R,,,https://www.gfvoyagers.com/sports/bsb/2026/roster
A Manisero,Anthony Manisero,Great Falls Voyagers,OF,R/R,,,https://www.gfvoyagers.com/sports/bsb/2026/roster
A Swenda,Anthony Swenda,Great Falls Voyagers,INF,R/R,,,https://www.gfvoyagers.com/sports/bsb/2026/roster
A Barranca,Antonio Barranca,Great Falls Voyagers,C,R/R,,,https://www.gfvoyagers.com/sports/bsb/2026/roster
B Wilhoite,Blake Wilhoite,Great Falls Voyagers,C,L/R,5'10,185,https://www.gfvoyagers.com/sports/bsb/2026/roster
C Czerwinski,CJ Czerwinski,Great Falls Voyagers,RHP,R/R,,,https://www.gfvoyagers.com/sports/bsb/2026/roster
C Kelsey,Carter Kelsey,Great Falls Voyagers,RHP,R/R,6'5,200,https://www.gfvoyagers.com/sports/bsb/2026/roster
C Cox,Chance Cox,Great Falls Voyagers,LHP,L/L,,,https://www.gfvoyagers.com/sports/bsb/2026/roster
C Wheatley,Chas Wheatley,Great Falls Voyagers,RHP,R/R,6'6,225,https://www.gfvoyagers.com/sports/bsb/2026/roster
E Hernandez,Esteban Hernandez,Great Falls Voyagers,RHP,R/R,,,https://www.gfvoyagers.com/sports/bsb/2026/roster
E Ott,Ethan Ott,Great Falls Voyagers,1B/3B,R/R,,,https://www.gfvoyagers.com/sports/bsb/2026/roster
E Sepulveda,Eumir Sepulveda,Great Falls Voyagers,RHP,R/R,,,https://www.gfvoyagers.com/sports/bsb/2026/roster
G Holpuch,Garrett Holpuch,Great Falls Voyagers,RHP,R/R,6'7,245,https://www.gfvoyagers.com/sports/bsb/2026/roster
G Moore,Graham Moore,Great Falls Voyagers,RHP,R/R,6'2,185,https://www.gfvoyagers.com/sports/bsb/2026/roster
H Orth,Harry Orth,Great Falls Voyagers,RHP,R/R,6'4,245,https://www.gfvoyagers.com/sports/bsb/2026/roster
J Bell,Jack Bell,Great Falls Voyagers,RHP,R/R,6'6,220,https://www.gfvoyagers.com/sports/bsb/2026/roster
J Kelley,Jack Kelley,Great Falls Voyagers,RHP,R/R,6'0,200,https://www.gfvoyagers.com/sports/bsb/2026/roster
J Keisel,Janzen Keisel,Great Falls Voyagers,RHP,R/R,6'3,215,https://www.gfvoyagers.com/sports/bsb/2026/roster
J Lessman,Jared Lessman,Great Falls Voyagers,LHP,L/L,6'2,205,https://www.gfvoyagers.com/sports/bsb/2026/roster
J Hamberg,Jordan Hamberg,Great Falls Voyagers,LHP/OF,R/R,,,https://www.gfvoyagers.com/sports/bsb/2026/roster
J Garcia,Julio Garcia,Great Falls Voyagers,RHP,R/R,6'2,203,https://www.gfvoyagers.com/sports/bsb/2026/roster
K Ewell,Kendal Ewell,Great Falls Voyagers,OF,R/R,,,https://www.gfvoyagers.com/sports/bsb/2026/roster
K Worek,Kevin Worek,Great Falls Voyagers,RHP,R/R,,,https://www.gfvoyagers.com/sports/bsb/2026/roster
K Schmack,Kyle Schmack,Great Falls Voyagers,OF,R/R,,,https://www.gfvoyagers.com/sports/bsb/2026/roster
L Smiddy,Landon Smiddy,Great Falls Voyagers,RHP,R/R,,,https://www.gfvoyagers.com/sports/bsb/2026/roster
M Miesse,Maddox Miesse,Great Falls Voyagers,C/3B,R/R,6'0,190,https://www.gfvoyagers.com/sports/bsb/2026/roster
N Cardinal,Nik Cardinal,Great Falls Voyagers,RHP,R/R,6'0,225,https://www.gfvoyagers.com/sports/bsb/2026/roster
R Nakamura,Raisei Nakamura,Great Falls Voyagers,RHP,R/R,,,https://www.gfvoyagers.com/sports/bsb/2026/roster
R Kelley,Robert Kelley,Great Falls Voyagers,RHP,R/R,,,https://www.gfvoyagers.com/sports/bsb/2026/roster
R Skjonsby,Ryan Skjonsby,Great Falls Voyagers,1B/OF,L/R,6'3,213,https://www.gfvoyagers.com/sports/bsb/2026/roster
S Lavin,Sam Lavin,Great Falls Voyagers,RHP,R/R,,,https://www.gfvoyagers.com/sports/bsb/2026/roster
S Murray,Simon Murray,Great Falls Voyagers,LHP,R/R,,,https://www.gfvoyagers.com/sports/bsb/2026/roster
T Gross,Tommy Gross,Great Falls Voyagers,RHP,R/R,6'3,215,https://www.gfvoyagers.com/sports/bsb/2026/roster
T Specht,Tommy Specht,Great Falls Voyagers,OF,L/R,,,https://www.gfvoyagers.com/sports/bsb/2026/roster
T Cruz,Trey Cruz,Great Falls Voyagers,SS/OF,L/R,,,https://www.gfvoyagers.com/sports/bsb/2026/roster
V Temesvary,Vincent Temesvary,Great Falls Voyagers,UTL,R/R,,,https://www.gfvoyagers.com/sports/bsb/2026/roster
W Rogers,Will Rogers,Great Falls Voyagers,RHP/UTL,R/R,,,https://www.gfvoyagers.com/sports/bsb/2026/roster
W Ponce,William Ponce,Great Falls Voyagers,INF,L/R,5'8,185,https://www.gfvoyagers.com/sports/bsb/2026/roster
Z Blaszak,Zack Blaszak,Great Falls Voyagers,INF,L/R,6'0,175,https://www.gfvoyagers.com/sports/bsb/2026/roster
A Valdes,Andy Valdes,Idaho Falls Chukars,C,R/R,6'3,210,https://www.ifchukars.com/sports/bsb/2026/roster
B Ross,Brandon Ross,Idaho Falls Chukars,LHP,L/L,6'2,170,https://www.ifchukars.com/sports/bsb/2026/roster
C Vaughan,Casey Vaughan,Idaho Falls Chukars,INF,S/R,6'3,200,https://www.ifchukars.com/sports/bsb/2026/roster
C Robinson,Cole Robinson,Idaho Falls Chukars,1B,R/R,6'3,245,https://www.ifchukars.com/sports/bsb/2026/roster
G Vasquez,Gabriel Vasquez,Idaho Falls Chukars,OF/1B,L/R,6'3,205,https://www.ifchukars.com/sports/bsb/2026/roster
G Ostrander,Garret Ostrander,Idaho Falls Chukars,UTL,R/R,5'11,185,https://www.ifchukars.com/sports/bsb/2026/roster
I Lanik,Ian Lanik,Idaho Falls Chukars,RHP,R/R,6'3,180,https://www.ifchukars.com/sports/bsb/2026/roster
J Fallers,Jake Fallers,Idaho Falls Chukars,C,R/R,5'10,218,https://www.ifchukars.com/sports/bsb/2026/roster
J Bickford,Jason Bickford,Idaho Falls Chukars,LHP,L/L,6'0,165,https://www.ifchukars.com/sports/bsb/2026/roster
J Romero,Jordi Romero,Idaho Falls Chukars,RHP,R/R,6'2,185,https://www.ifchukars.com/sports/bsb/2026/roster
J Leerssen,Josh Leerssen,Idaho Falls Chukars,RHP,R/R,6'4,185,https://www.ifchukars.com/sports/bsb/2026/roster
M Matthews,Mateo Matthews,Idaho Falls Chukars,1B,L/R,6'5,215,https://www.ifchukars.com/sports/bsb/2026/roster
M Gonzalez,Miguel Gonzalez,Idaho Falls Chukars,LHP,L/L,6'1,200,https://www.ifchukars.com/sports/bsb/2026/roster
N Varnier,Nate Varnier,Idaho Falls Chukars,LHP,L/L,6'7,165,https://www.ifchukars.com/sports/bsb/2026/roster
R Brito,Rafael Brito,Idaho Falls Chukars,RHP,R/R,6'7,180,https://www.ifchukars.com/sports/bsb/2026/roster
R Camacho,Ramon Camacho,Idaho Falls Chukars,RHP,R/R,6'0,194,https://www.ifchukars.com/sports/bsb/2026/roster
R Petersen,Rayth Petersen,Idaho Falls Chukars,UTL,R/R,5'11,190,https://www.ifchukars.com/sports/bsb/2026/roster
R Euson,Rijnaldo Euson,Idaho Falls Chukars,LHP,L/L,6'3,300,https://www.ifchukars.com/sports/bsb/2026/roster
R Estrada,Robert Estrada,Idaho Falls Chukars,OF,R/R,5'11,180,https://www.ifchukars.com/sports/bsb/2026/roster
S Spencer,Seth Spencer,Idaho Falls Chukars,LHP,R/R,6'0,205,https://www.ifchukars.com/sports/bsb/2026/roster
T Dooley,Ty Dooley,Idaho Falls Chukars,INF,L/R,5'10,185,https://www.ifchukars.com/sports/bsb/2026/roster
W Mitchell,Wesley Mitchell,Idaho Falls Chukars,OF,R/R,6'4,215,https://www.ifchukars.com/sports/bsb/2026/roster
W Castillo,Wilton Castillo,Idaho Falls Chukars,RHP,R/R,6'7,190,https://www.ifchukars.com/sports/bsb/2026/roster
Y De,Yency De,Idaho Falls Chukars,RHP,R/R,5'11,170,https://www.ifchukars.com/sports/bsb/2026/roster
A Risse,Aidan Risse,Missoula PaddleHeads,Pitcher,R/R,6-3,185,https://gopaddleheads.com/sports/bsb/2026/roster
B Beard,Brendan Beard,Missoula PaddleHeads,P,R/R,6-6,210,https://gopaddleheads.com/sports/bsb/2026/roster
B Lambert,Brock Lambert,Missoula PaddleHeads,P,R/R,6-4,200,https://gopaddleheads.com/sports/bsb/2026/roster
B Cermenelli,Bryce Cermenelli,Missoula PaddleHeads,P,L/R,5-8,195,https://gopaddleheads.com/sports/bsb/2026/roster
C Goffar,Cameron Goffar,Missoula PaddleHeads,P,R/R,6-2,200,https://gopaddleheads.com/sports/bsb/2026/roster
C Bergman,Carter Bergman,Missoula PaddleHeads,C,R/R,6-2,215,https://gopaddleheads.com/sports/bsb/2026/roster
D Tauken,Daniel Tauken,Missoula PaddleHeads,OF,L/R,6-3,215,https://gopaddleheads.com/sports/bsb/2026/roster
D Andiarena,Derick Andiarena,Missoula PaddleHeads,OF,R/R,6-1,195,https://gopaddleheads.com/sports/bsb/2026/roster
D Girtz,Drew Girtz,Missoula PaddleHeads,P,L/L,6-0,185,https://gopaddleheads.com/sports/bsb/2026/roster
E Good,Elliot Good,Missoula PaddleHeads,IF,R/R,6-2,200,https://gopaddleheads.com/sports/bsb/2026/roster
E Apodaca,Enzo Apodaca,Missoula PaddleHeads,OF,L/L,5-7,195,https://gopaddleheads.com/sports/bsb/2026/roster
G Garza,Grant Garza,Missoula PaddleHeads,P,R/R,6-1,185,https://gopaddleheads.com/sports/bsb/2026/roster
G Brown,Gunnar Brown,Missoula PaddleHeads,Pitcher,R/R,6-4,225,https://gopaddleheads.com/sports/bsb/2026/roster
J Toporek,Jacob Toporek,Missoula PaddleHeads,P,L/L,6-1,192,https://gopaddleheads.com/sports/bsb/2026/roster
J Jackson,Jaren Jackson,Missoula PaddleHeads,P,L/L,6-3,225,https://gopaddleheads.com/sports/bsb/2026/roster
J Nelson,Jasper Nelson,Missoula PaddleHeads,P,R/R,6-3,225,https://gopaddleheads.com/sports/bsb/2026/roster
J Piatkiewicz,Jeremy Piatkiewicz,Missoula PaddleHeads,SS,R/R,5-8,165,https://gopaddleheads.com/sports/bsb/2026/roster
J Johnson,Josh Johnson,Missoula PaddleHeads,P,R/R,6-2,190,https://gopaddleheads.com/sports/bsb/2026/roster
M Timmins,Mark Timmins,Missoula PaddleHeads,P,R/R,6-3,205,https://gopaddleheads.com/sports/bsb/2026/roster
M Taubensee,Matthew Taubensee,Missoula PaddleHeads,P,S/L,6-5,240,https://gopaddleheads.com/sports/bsb/2026/roster
M Ball,Michael Ball,Missoula PaddleHeads,IF,R/R,5-10,190,https://gopaddleheads.com/sports/bsb/2026/roster
M Koszewski,Michael Koszewski,Missoula PaddleHeads,OF,L/L,5-10,190,https://gopaddleheads.com/sports/bsb/2026/roster
N Vargas,Nate Vargas,Missoula PaddleHeads,C,L/R,6-3,215,https://gopaddleheads.com/sports/bsb/2026/roster
N Klemp,Nich Klemp,Missoula PaddleHeads,C,R/R,5-11,185,https://gopaddleheads.com/sports/bsb/2026/roster
R Steinman,Ritter Steinman,Missoula PaddleHeads,P,R/R,6-3,195,https://gopaddleheads.com/sports/bsb/2026/roster
R Wentz,Ryan Wentz,Missoula PaddleHeads,P,R/R,6-4,215,https://gopaddleheads.com/sports/bsb/2026/roster
S Gutierrez,Sergio Gutierrez,Missoula PaddleHeads,C,S/R,6-1,195,https://gopaddleheads.com/sports/bsb/2026/roster
T Reisinger,Thomas Reisinger,Missoula PaddleHeads,P,R/R,6-3,215,https://gopaddleheads.com/sports/bsb/2026/roster
T Yukumoto,Ty Yukumoto,Missoula PaddleHeads,2B,L/R,5-8,165,https://gopaddleheads.com/sports/bsb/2026/roster
W Bermudez,William Bermudez,Missoula PaddleHeads,IF,S/R,5-8,185,https://gopaddleheads.com/sports/bsb/2026/roster
X Casserilla,Xavier Casserilla,Missoula PaddleHeads,3B,R/R,5-11,225,https://gopaddleheads.com/sports/bsb/2026/roster
Z Stewart,Zack Stewart,Missoula PaddleHeads,OF,L/R,6-2,220,https://gopaddleheads.com/sports/bsb/2026/roster
A Harajli,Ahmad Harajli,Oakland Ballers,P,R/R,6'4,245,https://www.oaklandballers.com/sports/bsb/2026/roster
B Chavez,Brady Chavez,Oakland Ballers,P,R/R,,,https://www.oaklandballers.com/sports/bsb/2026/roster
B O'Sullivan,Brendan O'Sullivan,Oakland Ballers,INF,R/R,"5'11""",190,https://www.oaklandballers.com/sports/bsb/2026/roster
B Mayer,Brock Mayer,Oakland Ballers,P,R/R,"6'1""",,https://www.oaklandballers.com/sports/bsb/2026/roster
C Bufford,Cam Bufford,Oakland Ballers,UTIL,R/R,6'3,195,https://www.oaklandballers.com/sports/bsb/2026/roster
C Hurley,Charlie Hurley,Oakland Ballers,P,R/R,6'8,225,https://www.oaklandballers.com/sports/bsb/2026/roster
C Diaz,Christian Diaz,Oakland Ballers,P,R/R,,,https://www.oaklandballers.com/sports/bsb/2026/roster
C Smith,Conner Smith,Oakland Ballers,C,R/R,6'3,215,https://www.oaklandballers.com/sports/bsb/2026/roster
D Thomas,David Thomas,Oakland Ballers,P,R/R,6'4,220,https://www.oaklandballers.com/sports/bsb/2026/roster
E Santos,Esai Santos,Oakland Ballers,UTIL,L/R,"5'11""",170,https://www.oaklandballers.com/sports/bsb/2026/roster
G Smith,Griffin Smith,Oakland Ballers,P,R/R,6'3,203,https://www.oaklandballers.com/sports/bsb/2026/roster
H Day,Hunter Day,Oakland Ballers,P,R/R,6'2,,https://www.oaklandballers.com/sports/bsb/2026/roster
J Collura,Jaden Collura,Oakland Ballers,C,L/R,"5'8""",190,https://www.oaklandballers.com/sports/bsb/2026/roster
J Allgeyer,Jake Allgeyer,Oakland Ballers,INF,S/R,"5'11""",200,https://www.oaklandballers.com/sports/bsb/2026/roster
J Ybarra,Jeter Ybarra,Oakland Ballers,INF,L/R,"6'3""",205,https://www.oaklandballers.com/sports/bsb/2026/roster
J Rosario,Julio Rosario,Oakland Ballers,P,R/R,6'1,205,https://www.oaklandballers.com/sports/bsb/2026/roster
L Burkett,Langston Burkett,Oakland Ballers,P,R/R,6'6,250,https://www.oaklandballers.com/sports/bsb/2026/roster
L Johnstone,Logan Johnstone,Oakland Ballers,OF,/,"5'11""",,https://www.oaklandballers.com/sports/bsb/2026/roster
M Sanford,Mitchell Sanford,Oakland Ballers,OF,L/R,6'2,205,https://www.oaklandballers.com/sports/bsb/2026/roster
N Leehey,Nick Leehey,Oakland Ballers,INF,R/R,"5'11""",200,https://www.oaklandballers.com/sports/bsb/2026/roster
N Blythe,Noah Blythe,Oakland Ballers,OF,R/R,"6'1""",210,https://www.oaklandballers.com/sports/bsb/2026/roster
R Butz,Reed Butz,Oakland Ballers,,L/L,,,https://www.oaklandballers.com/sports/bsb/2026/roster
T Rogers,TJ Rogers,Oakland Ballers,INF,R/R,6'2,190,https://www.oaklandballers.com/sports/bsb/2026/roster
T Cobb,Tremayne Cobb,Oakland Ballers,INF,R/R,"6'1""",195,https://www.oaklandballers.com/sports/bsb/2026/roster
T Moore,Tristan Moore,Oakland Ballers,OF,L/L,6'2,225,https://www.oaklandballers.com/sports/bsb/2026/roster
T Bates,Tyler Bates,Oakland Ballers,P,L/L,5'10,180,https://www.oaklandballers.com/sports/bsb/2026/roster
V Cisneros,Valek Cisneros,Oakland Ballers,P,R/R,"6'4""",230,https://www.oaklandballers.com/sports/bsb/2026/roster
A Shumaker,Aiden Shumaker,Ogden Raptors,P,R/R,6'0,175,https://ogden-raptors.com/sports/bsb/2026/roster
B Pelle,Bradley Pelle,Ogden Raptors,OF,L/L,5’ 10”,188,https://ogden-raptors.com/sports/bsb/2026/roster
B Rodriguez,Brynden Rodriguez,Ogden Raptors,Right Handed Pitcher,R/R,6',180,https://ogden-raptors.com/sports/bsb/2026/roster
C Bunch,Caleb Bunch,Ogden Raptors,RHP,R/R,6'5,230,https://ogden-raptors.com/sports/bsb/2026/roster
C Lane,Carmine Lane,Ogden Raptors,INF,R/R,6'1,211,https://ogden-raptors.com/sports/bsb/2026/roster
C Kelly,Carson Kelly,Ogden Raptors,LHP,L/L,6,165,https://ogden-raptors.com/sports/bsb/2026/roster
C Wallace,Chance Wallace,Ogden Raptors,P,R/L,6'0,200,https://ogden-raptors.com/sports/bsb/2026/roster
C Chatman,Chase Chatman,Ogden Raptors,LHP,L/L,6'0,195,https://ogden-raptors.com/sports/bsb/2026/roster
C Valentine,Chase Valentine,Ogden Raptors,INF,R/R,5'11,185,https://ogden-raptors.com/sports/bsb/2026/roster
C Diaz,Christian Diaz,Ogden Raptors,RHP,R/R,6'1,192,https://ogden-raptors.com/sports/bsb/2026/roster
C Jordan,Cole Jordan,Ogden Raptors,UTL,R/R,5'10,193,https://ogden-raptors.com/sports/bsb/2026/roster
C Lawrence,Colson Lawrence,Ogden Raptors,OF,R/R,6'5,220,https://ogden-raptors.com/sports/bsb/2026/roster
D Fesperman,Dylan Fesperman,Ogden Raptors,INF,R/R,6'4,225,https://ogden-raptors.com/sports/bsb/2026/roster
D Gardner,Dylan Gardner,Ogden Raptors,RHP,R/R,6'5,210,https://ogden-raptors.com/sports/bsb/2026/roster
D Wilkinson,Dylan Wilkinson,Ogden Raptors,INF,L/R,5'10,185,https://ogden-raptors.com/sports/bsb/2026/roster
E Manzo,Efrain Manzo,Ogden Raptors,UTL,R/R,6' 1,215,https://ogden-raptors.com/sports/bsb/2026/roster
E Sim,Eric Sim,Ogden Raptors,DH,R/R,,,https://ogden-raptors.com/sports/bsb/2026/roster
E Brown,Ethan Brown,Ogden Raptors,relief Pitcher,R/L,6'2,210,https://ogden-raptors.com/sports/bsb/2026/roster
G Bevacqua,Garrett Bevacqua,Ogden Raptors,OF,L/R,6'3,195,https://ogden-raptors.com/sports/bsb/2026/roster
G Ferraro-Nahr,Giuseppe Ferraro-Nahr,Ogden Raptors,INF,R/R,6'3,215,https://ogden-raptors.com/sports/bsb/2026/roster
H Dodson,Hank Dodson,Ogden Raptors,C,R/R,6'0,200,https://ogden-raptors.com/sports/bsb/2026/roster
H McLendon,Harper McLendon,Ogden Raptors,RHP,R/R,5'11,185,https://ogden-raptors.com/sports/bsb/2026/roster
H Edwards,Hunter Edwards,Ogden Raptors,RHP,R/R,6'8,245,https://ogden-raptors.com/sports/bsb/2026/roster
I Austin,Ira Austin,Ogden Raptors,Pitcher,R/R,"6' 2""",170,https://ogden-raptors.com/sports/bsb/2026/roster
J Jelic,Jason Jelic,Ogden Raptors,C,L/R,6’3,225,https://ogden-raptors.com/sports/bsb/2026/roster
J Schaaf,Jason Schaaf,Ogden Raptors,Pitcher,S/R,5'11,195,https://ogden-raptors.com/sports/bsb/2026/roster
J Ramallo,Jonathan Ramallo,Ogden Raptors,relief pitcher,R/R,6'0,210,https://ogden-raptors.com/sports/bsb/2026/roster
J Ballista,Jose Ballista,Ogden Raptors,Relief Pitcher,R/R,5'9,210,https://ogden-raptors.com/sports/bsb/2026/roster
K Linn,Kade Linn,Ogden Raptors,RHP,R/R,5'10,205,https://ogden-raptors.com/sports/bsb/2026/roster
K Kneip,Kaden Kneip,Ogden Raptors,RHP,R/R,5'10,180,https://ogden-raptors.com/sports/bsb/2026/roster
K Racculia,Kalean Racculia,Ogden Raptors,Relief Pitcher,R/R,6'3,180,https://ogden-raptors.com/sports/bsb/2026/roster
K Lewis,Kyle Lewis,Ogden Raptors,RHP,R/R,6' 4,37,https://ogden-raptors.com/sports/bsb/2026/roster
K Stancato,Kyler Stancato,Ogden Raptors,OF,L/L,6'3,210,https://ogden-raptors.com/sports/bsb/2026/roster
L Riley,Landon Riley,Ogden Raptors,RHP,R/R,6'5,175,https://ogden-raptors.com/sports/bsb/2026/roster
L Boesen,Lucas Boesen,Ogden Raptors,Pitcher,R/R,6'0,205,https://ogden-raptors.com/sports/bsb/2026/roster
M Miller,Max Miller,Ogden Raptors,RHP,R/R,6'2,220,https://ogden-raptors.com/sports/bsb/2026/roster
M Del,Micah Del,Ogden Raptors,pitcher,R/R,6'0,175,https://ogden-raptors.com/sports/bsb/2026/roster
M Garrett,Miles Garrett,Ogden Raptors,RHP,R/R,5'10,180,https://ogden-raptors.com/sports/bsb/2026/roster
N Saltaformaggio,Nico Saltaformaggio,Ogden Raptors,PHP,R/R,6'0,200,https://ogden-raptors.com/sports/bsb/2026/roster
N Ficklin,Nolan Ficklin,Ogden Raptors,LHP,L/L,5'11,175,https://ogden-raptors.com/sports/bsb/2026/roster
P McMan,Parker McMan,Ogden Raptors,Pitcher,R/R,6'3,210,https://ogden-raptors.com/sports/bsb/2026/roster
R Radkey,Ryan Radkey,Ogden Raptors,RHP,R/R,6' 3,225,https://ogden-raptors.com/sports/bsb/2026/roster
S Greico,Sebastian Greico,Ogden Raptors,1B,L/R,6'3,220,https://ogden-raptors.com/sports/bsb/2026/roster
T Ganus,Tyler Ganus,Ogden Raptors,INF/OF,R/R,6'1,195,https://ogden-raptors.com/sports/bsb/2026/roster
T Gilligan,Tyler Gilligan,Ogden Raptors,C/OF,L/R,5' 10,185,https://ogden-raptors.com/sports/bsb/2026/roster
T Stone,Tyler Stone,Ogden Raptors,1B,L/R,6-2,235,https://ogden-raptors.com/sports/bsb/2026/roster
Y Richard,Yordy Richard,Ogden Raptors,RHP,R/R,6'2,218,https://ogden-raptors.com/sports/bsb/2026/roster
A Lopez,Alain Lopez,Yuba-Sutter Freebirds,pitcher,R/R,,,https://freebirdsbaseball.com/sports/bsb/2026/roster
A Tsengeg,Amar Tsengeg,Yuba-Sutter Freebirds,Pitcher,R/R,,,https://freebirdsbaseball.com/sports/bsb/2026/roster
A Kirchner,Andrew Kirchner,Yuba-Sutter Freebirds,First Base,L/R,,,https://freebirdsbaseball.com/sports/bsb/2026/roster
A Silvas,Anthony Silvas,Yuba-Sutter Freebirds,Pitcher,R/R,,,https://freebirdsbaseball.com/sports/bsb/2026/roster
B Thiels,Brenton Thiels,Yuba-Sutter Freebirds,P,R/R,7'0,250,https://freebirdsbaseball.com/sports/bsb/2026/roster
C Yuran,Cam Yuran,Yuba-Sutter Freebirds,Outfield,L/R,6'2,180,https://freebirdsbaseball.com/sports/bsb/2026/roster
C Martinez,Chase Martinez,Yuba-Sutter Freebirds,RHP,R/R,5'10,185,https://freebirdsbaseball.com/sports/bsb/2026/roster
C Castaneda,Christian Castaneda,Yuba-Sutter Freebirds,First Base/Outfield,R/R,6'1,220,https://freebirdsbaseball.com/sports/bsb/2026/roster
C Tallakson,Connor Tallakson,Yuba-Sutter Freebirds,Catcher,R/R,5'10,185,https://freebirdsbaseball.com/sports/bsb/2026/roster
C Barker,Corbin Barker,Yuba-Sutter Freebirds,Pitcher,R/R,,,https://freebirdsbaseball.com/sports/bsb/2026/roster
D Galef,Dan Galef,Yuba-Sutter Freebirds,Pitcher,R/R,5'11,165,https://freebirdsbaseball.com/sports/bsb/2026/roster
D Dixon,Devon Dixon,Yuba-Sutter Freebirds,Shortstop,R/R,,,https://freebirdsbaseball.com/sports/bsb/2026/roster
D Aragon,Diego Aragon,Yuba-Sutter Freebirds,Catcher,R/R,,,https://freebirdsbaseball.com/sports/bsb/2026/roster
D Aguiar,Drew Aguiar,Yuba-Sutter Freebirds,Pitcher,R/R,6'3,220,https://freebirdsbaseball.com/sports/bsb/2026/roster
D McCall,Dylan McCall,Yuba-Sutter Freebirds,Pitcher,R/R,,,https://freebirdsbaseball.com/sports/bsb/2026/roster
E Amundson,Easton Amundson,Yuba-Sutter Freebirds,First Base,L/R,6'4,225,https://freebirdsbaseball.com/sports/bsb/2026/roster
E Pagani,Edwin Pagani,Yuba-Sutter Freebirds,Infield,R/R,,,https://freebirdsbaseball.com/sports/bsb/2026/roster
I Nunez,Isaac Nunez,Yuba-Sutter Freebirds,Shortstop,L/L,6'1,195,https://freebirdsbaseball.com/sports/bsb/2026/roster
I Williams,Isaiah Williams,Yuba-Sutter Freebirds,Pitcher,L/L,6'6,255,https://freebirdsbaseball.com/sports/bsb/2026/roster
J Mayo,Jackson Mayo,Yuba-Sutter Freebirds,Outfield,L/L,6'1,191,https://freebirdsbaseball.com/sports/bsb/2026/roster
J Donahue,Jordan Donahue,Yuba-Sutter Freebirds,Infielder,L/R,5'10,170,https://freebirdsbaseball.com/sports/bsb/2026/roster
J Duarte,Josh Duarte,Yuba-Sutter Freebirds,OF,R/R,,,https://freebirdsbaseball.com/sports/bsb/2026/roster
J Lopez,Josh Lopez,Yuba-Sutter Freebirds,C,R/R,5'10,180,https://freebirdsbaseball.com/sports/bsb/2026/roster
J Phillips,Josh Phillips,Yuba-Sutter Freebirds,Outfield,R/R,6'3,230,https://freebirdsbaseball.com/sports/bsb/2026/roster
J Simmons,Josh Simmons,Yuba-Sutter Freebirds,P,R/R,6'1,195,https://freebirdsbaseball.com/sports/bsb/2026/roster
K Carlson,Kyle Carlson,Yuba-Sutter Freebirds,Third Base,R/R,,,https://freebirdsbaseball.com/sports/bsb/2026/roster
M Lopez,Mark Lopez,Yuba-Sutter Freebirds,Pitcher,R/R,5'9,170,https://freebirdsbaseball.com/sports/bsb/2026/roster
R Pfeifer,Rane Pfeifer,Yuba-Sutter Freebirds,Pitcher,R/R,,,https://freebirdsbaseball.com/sports/bsb/2026/roster
R Egloff,Riley Egloff,Yuba-Sutter Freebirds,Pitcher,R/R,,,https://freebirdsbaseball.com/sports/bsb/2026/roster
R Velazquez,Ryan Velazquez,Yuba-Sutter Freebirds,Pitcher,R/R,,,https://freebirdsbaseball.com/sports/bsb/2026/roster
R Mancusso,Ryder Mancusso,Yuba-Sutter Freebirds,RHP,R/R,,,https://freebirdsbaseball.com/sports/bsb/2026/roster
S Wiese,Sean Wiese,Yuba-Sutter Freebirds,Pitcher,R/R,,,https://freebirdsbaseball.com/sports/bsb/2026/roster
T Wolf,Tristan Wolf,Yuba-Sutter Freebirds,Pitcher,R/R,,,https://freebirdsbaseball.com/sports/bsb/2026/roster
Z Chamizo,Zach Chamizo,Yuba-Sutter Freebirds,Utility,R/R,,,https://freebirdsbaseball.com/sports/bsb/2026/roster
