player_name,name_key
A Adams,a_adams
A Amicangelo,a_amicangelo
A Armstrong,a_armstrong
A Atwood,a_atwood
A Baeza,a_baeza
A Bernard,a_bernard
A Buendia,a_buendia
A Chouinard,a_chouinard
A Davis,a_davis
A Don,a_don
A Elder,a_elder
A Figueredo,a_figueredo
A Fogel,a_fogel
A Fritz,a_fritz
A Guadalupe,a_guadalupe
A Hanson,a_hanson
A Herron Jr.,a_jr.
A Mata,a_mata
A Meggs,a_meggs
A Monge,a_monge
A Nielsen,a_nielsen
A Noviello,a_noviello
A Nunez,a_nunez
A Pimentel,a_pimentel
A Ray,a_ray
A Redahan,a_redahan
A Rios,a_rios
A Sanchez,a_sanchez
A Sequera,a_sequera
B Barrera,b_barrera
B Bishop,b_bishop
B Blackford,b_blackford
B Bohning,b_bohning
B Broussard,b_broussard
B Brown,b_brown
B Cannon,b_cannon
B Carson,b_carson
B Crosby,b_crosby
B Daniel,b_daniel
B Dansereau,b_dansereau
B Donovan,b_donovan
B Evans,b_evans
B Fitzgerald,b_fitzgerald
B Hueth,b_hueth
B Lada,b_lada
B Marine,b_marine
B McConnell,b_mcconnell
B Nigh,b_nigh
B Norman,b_norman
B Parr,b_parr
B Perez,b_perez
B Riley,b_riley
B Roberts,b_roberts
B Rosengard,b_rosengard
B Ryan,b_ryan
B Skinner,b_skinner
B Smith,b_smith
B Watkins,b_watkins
B West,b_west
C Almanza,c_almanza
C Bagnieski,c_bagnieski
C Bess,c_bess
C Booth,c_booth
C Castillo,c_castillo
C Comer,c_comer
C Denning,c_denning
C Dunn,c_dunn
C Dunn Jr.,c_jr.
C Estrada,c_estrada
C Farmer,c_farmer
C Gordon,c_gordon
C Green,c_green
C Hall,c_hall
C Halvorson,c_halvorson
C Hanson,c_hanson
C Hext,c_hext
C Horner,c_horner
C Kirtley,c_kirtley
C Lopez,c_lopez
C Middleton,c_middleton
C Monroe,c_monroe
C Perez,c_perez
C Petersen,c_petersen
C Phelts,c_phelts
C Runge,c_runge
C Sargent,c_sargent
C Sargent Jr.,c_jr.
C Sepulveda,c_sepulveda
C Taylor,c_taylor
C Thompson,c_thompson
C Vest,c_vest
D Brutcher,d_brutcher
D Conners,d_conners
D Connors,d_connors
D Cornett,d_cornett
D Glancy,d_glancy
D Gomez,d_gomez
D Harris IV,d_iv
D Henderson,d_henderson
D Hernandez,d_hernandez
D Hubbard,d_hubbard
D Kolbush,d_kolbush
D Leach,d_leach
D Maberry,d_maberry
D Macaluso,d_macaluso
D Maiben,d_maiben
D Matthews,d_matthews
D Maynard,d_maynard
D Miller,d_miller
D Nevarez,d_nevarez
D Perez,d_perez
D Poteet,d_poteet
D Rivera,d_rivera
D Stengren,d_stengren
D Stone,d_stone
D Stroup,d_stroup
D Stuart,d_stuart
D Tatum,d_tatum
D Tofteland,d_tofteland
D Williams,d_williams
D Woodcox,d_woodcox
E Acosta,e_acosta
E Berkey,e_berkey
E Blum,e_blum
E Corona,e_corona
E Diaz,e_diaz
E Good,e_good
E Lopez,e_lopez
E McCabe,e_mccabe
E Paton,e_paton
E Pelc,e_pelc
E Peralta,e_peralta
E Rosales,e_rosales
E Sanchez,e_sanchez
E Scavotto,e_scavotto
E Sleight,e_sleight
E Smith,e_smith
E Yake,e_yake
F Achecar,f_achecar
F Jezioro,f_jezioro
F Rojas Jr.,f_jr.
G Barnes,g_barnes
G Brusa,g_brusa
G DiGiacomo,g_digiacomo
G Diaz,g_diaz
G Horvat,g_horvat
G Howell,g_howell
G Kueber,g_kueber
G Lora,g_lora
G Lora Gonzalez,g_gonzalez
G Lyttle,g_lyttle
G Morgan,g_morgan
G White,g_white
G Wurtz,g_wurtz
H George,h_george
H Hall,h_hall
H Himrich,h_himrich
H Hisky,h_hisky
H Nieves,h_nieves
H Yanez,h_yanez
I Nunez,i_nunez
J Akins,j_akins
J Anderson,j_anderson
J Azuaje,j_azuaje
J Barfield,j_barfield
J Barth,j_barth
J Boyd,j_boyd
J Broughton,j_broughton
J Chavez,j_chavez
J Coutts,j_coutts
J Cruce,j_cruce
J Day,j_day
J Elvir,j_elvir
J Esparza,j_esparza
J Faile,j_faile
J Fitzpatrick,j_fitzpatrick
J Goldfarb,j_goldfarb
J Gonzalez,j_gonzalez
J Guenther,j_guenther
J Harrison-Dudley,j_harrison-dudley
J Hjelle,j_hjelle
J Hubbard,j_hubbard
J Jablonski,j_jablonski
J Kirby,j_kirby
J Kline,j_kline
J Lee,j_lee
J Lojewski,j_lojewski
J Mabry,j_mabry
J Malec,j_malec
J Matthews,j_matthews
J McMurray,j_mcmurray
J Newman,j_newman
J O'Dowd,j_o'dowd
J Olson,j_olson
J Pappas,j_pappas
J Raper,j_raper
J Reyes,j_reyes
J Rooks,j_rooks
J Shanks,j_shanks
J Teixeira,j_teixeira
J Trimble,j_trimble
J Valdez,j_valdez
J Williams,j_williams
K Clark,k_clark
K Crowl,k_crowl
K Dugan,k_dugan
K Figueiredo,k_figueiredo
K Greenwalt,k_greenwalt
K Higgins,k_higgins
K Jimenez,k_jimenez
K Johnson,k_johnson
K Kaler,k_kaler
K Liniak,k_liniak
K Maldonado,k_maldonado
K Moody,k_moody
K Oyama,k_oyama
K Quiggle,k_quiggle
K Whatley,k_whatley
K Willman,k_willman
L Barns,l_barns
L Helmig,l_helmig
L Meyer,l_meyer
L Navarro,l_navarro
L Navigato,l_navigato
L Roskam,l_roskam
L Sparks,l_sparks
L Williams,l_williams
M Annone,m_annone
M Backstrom,m_backstrom
M Bardowell,m_bardowell
M Clayton,m_clayton
M Deeb,m_deeb
M Dinesen,m_dinesen
M Edie,m_edie
M Feinstein,m_feinstein
M Golda,m_golda
M Handron,m_handron
M Harris,m_harris
M Herron Jr.,m_jr.
M Hogan,m_hogan
M Jefferson,m_jefferson
M Jung-Goldberg,m_jung-goldberg
M Minzey,m_minzey
M O'Connor,m_o'connor
M O'Hara,m_o'hara
M OConnor,m_oconnor
M Rich,m_rich
M Rosario,m_rosario
M Skundrich,m_skundrich
M Sykes,m_sykes
M Wong,m_wong
M Yonamine,m_yonamine
N Emanuel,n_emanuel
N Gatewood,n_gatewood
N Marcelo,n_marcelo
N Martinez,n_martinez
N Michaels,n_michaels
N Pacheco,n_pacheco
N Popa,n_popa
N Scantlin,n_scantlin
N Ultsch,n_ultsch
O Johnson,o_johnson
O Serratos Jr.,o_jr.
O Taylor,o_taylor
P Adams,p_adams
P Chung,p_chung
P Coddou,p_coddou
P Harden,p_harden
P Howard,p_howard
P Myro IV,p_iv
P Parks,p_parks
P Robertson,p_robertson
P Shelton,p_shelton
Q Alexander,q_alexander
Q Landis,q_landis
R Alexiades,r_alexiades
R Cash,r_cash
R Gil,r_gil
R Gonzalez,r_gonzalez
R Jepson,r_jepson
R Major,r_major
R Martinez,r_martinez
R McCarthy,r_mccarthy
R Mccarthy,r_mccarthy
R Narea,r_narea
R Orsak,r_orsak
R Paller,r_paller
R Pena,r_pena
R Shah,r_shah
R Washington Jr.,r_jr.
S Barmakian,s_barmakian
S Baumgardt,s_baumgardt
S Canton,s_canton
S Coffman,s_coffman
S Cullen,s_cullen
S Gozzo,s_gozzo
S Jabusch,s_jabusch
S Kuchinski,s_kuchinski
S Linscott,s_linscott
S Macias,s_macias
S Olsson,s_olsson
S Rich,s_rich
S Rivas,s_rivas
S Troyer,s_troyer
S Ullian,s_ullian
S Wilmer,s_wilmer
T Bouchard,t_bouchard
T Brunson,t_brunson
T Carranza,t_carranza
T Clark,t_clark
T Clarkson,t_clarkson
T Darden,t_darden
T DeBonville,t_debonville
T Fontenot,t_fontenot
T Garcia,t_garcia
T Halsema,t_halsema
T Hardy,t_hardy
T Jorgensen,t_jorgensen
T Kelly,t_kelly
T Lewis,t_lewis
T Lomack,t_lomack
T Lozano,t_lozano
T McCaffrey,t_mccaffrey
T McKenzie,t_mckenzie
T Minder,t_minder
T Rogers,t_rogers
T Van Marter,t_marter
T Viola,t_viola
T Williams,t_williams
T Wyatt,t_wyatt
U Cantu,u_cantu
V Esposito,v_esposito
W Little,w_little
X Washington,x_washington
Z Almond,z_almond
Z Denton,z_denton
Z Roos,z_roos
Z Zurbrugg,z_zurbrugg
